name,website,region,town,holes,clubId,in_seed
Abbotsford Golf Club,https://www.abbotsfordgolf.co.uk/website/,South Ayrshire,Ayr,18,2001,
Aberdeen Ladies Golf Club,http://www.aberdeenladiesgc.co.uk/,Aberdeen City,Aberdeen,18,2002,
Aberdeen Petroleum Golf Club,https://kippielodge.co.uk,Aberdeen City,Aberdeen,18,2003,
Aberdour Golf Club,https://www.aberdourgolfclub.co.uk/,Fife,Burntisland,18,2005,
Aberfeldy Golf Club,https://www.aberfeldy-golfclub.co.uk/,Perth & Kinross,Aberfeldy,9,2006,yes
Aberfoyle Golf Club,https://www.aberfoylegolf.co.uk/,Stirling,Stirling,18,2007,
Abernethy Golf Club,https://abernethygolfclub.com/,Highland,Nethy Bridge,9,2009,
Aboyne Golf Club,https://www.aboynegolfclub.co.uk/,Aberdeenshire,Aboyne,18,2010,yes
Aigas Golf Club,https://www.aigas-holidays.co.uk/aigas-golf/,Highland,Beauly,18,2013,yes
Ailsa Craig Golf Club,https://www.turnberry.co.uk/ailsa-golf-course-scotland,South Ayrshire,Ayr,18,2014,
Airdrie Golf Club,https://www.airdriegolfclub.co.uk/,North Lanarkshire,Airdrie,18,2015,
Alford Golf Club,https://www.alfordgolfclub.com/,Aberdeenshire,Alford,18,2016,
Alloa Golf Club,https://alloagolfclub.co.uk/,Clackmannanshire,Alloa,18,2017,yes
Alness Golf Club,https://alnessgolf.co.uk/,Highland,Alness,18,2018,yes
Alton Golf Club,https://www.altongolfclub.com/,North Ayrshire,Stevenston,18,2019,
Alva Golf Club,https://www.alvagolfclub.co.uk/,Clackmannanshire,Alva,18,2020,yes
Alyth Golf Club,https://www.alythgolfclub.co.uk/,Perth & Kinross,Blairgowrie,18,2021,yes
Annanhill Golf Club,https://eastayrshireleisure.com/venue/annanhill-golf-course/,East Ayrshire,Kilmarnock,18,2025,yes
Anstruther Golf Club,http://www.anstruthergolf.co.uk/,Fife,"Anstruther, KY10 3DZ",18,2026,yes
Arbroath Golf Links Golf Club,https://www.arbroathgolfcourse.co.uk/,Angus,,,2720,
Archerfield Links Golf Club,https://www.archerfieldgolfclub.com/,East Lothian,North Berwick,18,2028,
Ardeer Golf Club,https://ardeergolfclub.co.uk/,North Ayrshire,Stevenston,18,2029,
Askernish Golf Club,https://www.askernishgolfclub.com/,Eilean Siar,Isle of South Uist,18,2032,
Auchenblae Golf Club,https://www.auchenblaegolfcourse.co.uk/,Aberdeenshire,Auchenblae,18,2033,yes
Auchenharvie 88 Golf Club,https://www.auchenharvie88.co.uk/,North Ayrshire,Stevenston,18,2034,
Auchmill Golf Club,https://auchmillgolfclub.co.uk/,Aberdeen City,Aberdeen,18,2035,
Auchterarder Golf Club,https://www.auchterardergolf.co.uk/,Perth & Kinross,Auchterarder,18,2036,yes
Ayr Belleisle Golf Club,https://ayrbelleislegolfclub.co.uk/,South Ayrshire,Ayr,18,2038,
Ayr Carrick Golf Club,https://www.ayrcarrick.golf-club.website/,South Ayrshire,Ayr,18,2040,
Ayr Neptune Golf Club,http://www.neptunegc.co.uk/,South Ayrshire,Glasgow,18,2043,
Ayr Seafield Golf Club,https://ayrseafield.golf-club.website/website/index.php,South Ayrshire,Ayr,18,2044,
Ayr Seafield Ladies Golf Club,https://www.seafieldladiesgolfclub.com/club-info/index,South Ayrshire,Ayr,18,2045,
Ayrshire Golf Association,https://ayrshiregolf.blogspot.com/,South Ayrshire,Prestwick,18,2046,
Baberton Golf Club,https://www.babertongc.com/,Edinburgh,Juniper Green,18,2048,
Balbirnie Park Golf Club,https://www.balbirniegolf.com/,Fife,Glenrothes,18,2049,yes
Balfron Golf Society,https://www.balfrongolfclub.co.uk/,Stirling,Balfron,18,2050,
Ballater Golf Club,https://www.ballatergolfclub.co.uk/,Aberdeenshire,Ballater,18,2052,
Ballindalloch Golf Course,https://www.ballindallochhighlandestate.com/golf/?_gl=1*muavkp*_up*MQ..*_ga*MTg1ODUwOTUzNi4xNjg0ODMzMzk4*_ga_3LE03C97M8*MTY4NDgzMzM5Ny4xLjEuMTY4NDgzMzg3OS4wLjAuMA..,Highland,,18,2291,
Ballochmyle Golf Club,https://ballochmylegolfclub.com/,East Ayrshire,Mauchline,18,2053,
Ballumbie Castle Golf Club,https://www.ballumbiegolf.co.uk/contact.html,Dundee,Dundee,18,2054,
Balmore Golf Club Ltd,http://www.balmoregolfclub.co.uk/,East Dunbartonshire,Glasgow,18,2056,
Banchory Golf Club,http://www.banchorygolfclub.co.uk/,Aberdeenshire,Banchory,18,2057,
Bass Rock Golf Club,https://bassrockgolfclub.co.uk/,East Lothian,North Berwick,18,2061,
Bathgate Golf Club,https://www.bathgategolfclub.com/,West Lothian,Bathgate,18,2062,
Bearsden Golf Club,https://bearsdengolfclub.co.uk/,East Dunbartonshire,Glasgow,18,2063,
Beith Golf Club,https://beith.cw.sct.dotgolf.co.uk/,North Ayrshire,KA15 2JR,18,2064,
Bellshill Golf Club,http://www.bellshillgolfclub.com/,North Lanarkshire,Bellshill,18,2065,
Benbecula Golf Club,https://www.benbeculagolfclub.co.uk/,Eilean Siar,Isle of Benbecula,18,2066,
Biggar Golf Club,https://www.biggargolfclub.co.uk/,South Lanarkshire,Broughton Road,18,2068,
Binny Golf Club,http://www.binnygolf.co.uk/,West Lothian,Broxburn,18,2069,
Bishopbriggs Golf Club,https://www.bishopbriggsgolfclub.com/,East Dunbartonshire,Glasgow,18,2070,
Bishopshire Golf Club,http://www.bishopshiregolf.club,Perth & Kinross,Kinross,18,2071,
Blair Atholl Golf Club,https://www.blairathollgolf.co.uk/,Perth & Kinross,Blair Atholl,18,2072,
Blairgowrie Golf Club,https://www.theblairgowriegolfclub.co.uk/,Perth & Kinross,Blairgowrie,18,2073,
Blairmore & Strone Golf Club,https://www.1golf.eu/en/club/blairmore-strone-golf-club/,Argyll & Bute,Strone,18,2074,
Boat of Garten Golf Club,https://www.boatgolf.com/cms/,Highland,Boat of Garten,18,2076,
Bonar Bridge-Ardgay Golf Club,https://www.bonarbridgegolf.co.uk/,Highland,Bonar Bridge,18,2078,
Bonnybridge Golf Club,https://www.bonnybridgegolfclub.co.uk/,Falkirk,Bonnybridge,18,2079,
Bonnyton Golf Club,https://www.bonnytongolfclub.com,Renfrewshire,Glasgow,18,2080,
Borders Golfers' Association,https://bordergolf.co.uk/,Scottish Borders,,18,2082,
Bothwell Castle Golf Club,http://www.bcgolf.co.uk/,South Lanarkshire,Glasgow,18,2083,
Braehead (Alloa) Golf Club,http://www.braeheadgolfclub.co.uk,Clackmannanshire,Alloa,18,2084,
Braemar Golf Club,https://www.braemargolfclub.co.uk/website/,Aberdeenshire,Ballater,18,2086,
Braes Golf Centre,https://braesgolf.co.uk/,Falkirk,Falkirk,18,2087,
Braids United Golf Club,http://www.braids-united.co.uk/,Edinburgh,Edinburgh,18,2088,
Brechin Golf Club,https://www.brechingolfclub.co.uk/,Angus,Brechin,18,2089,
Bridge of Allan Golf Club,https://www.bofagc.com/,Stirling,Stirling,18,2090,
Bridgend & District Golf Club,https://www.visitwestlothian.co.uk/things-to-do/golf/bridgend-district-golf-club/,West Lothian,Linlithgow,18,2091,
Brodick Golf Club,https://www.brodickgolf.com/,North Ayrshire,Isle of Arran,18,2095,
Broomieknowe Golf Club,https://www.broomieknowe.com/,Midlothian,Bonnyrigg,18,2096,
Brora Golf Club,https://broragolfclub.co.uk/,Highland,Brora,18,2097,
Bruntsfield Links Golfing Society,http://www.bruntsfieldlinks.co.uk,Edinburgh,Edinburgh,18,2099,
Buchanan Castle Golf Club,https://buchanancastlegolfclub.co.uk/,Stirling,Glasgow,18,2100,
Buckpool Golf Club,https://buckpoolgolf.com/,Moray,Buckie,18,2101,
Burntisland Golf House Club,https://burntislandgolfhouseclub.co.uk/,Fife,Burntisland,18,2102,
Bute Golf Club,https://www.butegolfclub.com/,Argyll & Bute,Isle of Bute,18,2103,
CMAE Scotland ,http://www.cmae-scotland.uk,Edinburgh,Falkirk,18,2574,
Cabot Highlands ,https://www.castlestuartgolf.com/,Moray,Inverness,18,2132,
Caird Park Golf Club,https://www.golfdundee.co.uk/,Dundee,Dundee,18,2104,
Caldwell Golf Club,https://caldwellgolfclub.com/,East Renfrewshire,Glasgow,18,2106,
Caledonian Golf Club,https://www.carnoustiecaledonia.co.uk/,Aberdeen City,Aberdeen,18,2107,
Callander Golf Club,https://www.callandergolfclub.co.uk/,Stirling,Callander,18,2108,
Cambuslang Golf Club,http://www.cambuslanggolf.co.uk/,South Lanarkshire,Glasgow,18,2109,
Campsie Golf Club,http://www.campsiegolfclub.com,East Dunbartonshire,Lennoxtown,18,2110,
Canmore Golf Club,https://www.canmoregolfclub.uk/,Fife,Dunfermline,18,2111,
Caprington Golf Club,https://www.capringtongolfclub.com/,East Ayrshire,Kilmarnock,18,2112,
"Cardrona Hotel, Golf & Spa",http://www.macdonaldhotels.co.uk/cardrona/golf/course,Scottish Borders,Peebles,18,2113,
Cardross Golf Club,https://www.cardrossgolfclub.co.uk/,Argyll & Bute,Dumbarton,18,2114,
Carluke Golf Club,https://www.carlukegolfclub.com/,South Lanarkshire,Carluke,18,2115,
Carnegie Club at Skibo Castle,https://www.carnegieclub.co.uk/golf-championship-links.html,Highland,Dornoch,18,2116,
Carnoustie Golf Club,https://www.carnoustiegolflinks.com/,Angus,Carnoustie,18,2119,yes
Carnoustie Ladies' Golf Club,http://www.carnoustieladiesgolfclub.co.uk/,Angus,Carnoustie,18,2121,
Carnoustie Mercantile Golf Club,https://www.carnoustiemercantile.co.uk/,Angus,Carnoustie,18,2122,
Carnwath Golf Club,https://www.carnwathgc.co.uk,South Lanarkshire,Lanark,18,2124,
Carradale Golf Club,https://www.carradalegolf.com/,Argyll & Bute,PA28 6RY,18,2125,
Carrbridge Golf Club,https://carrbridgegolf.co.uk/,Highland,Carrbridge,18,2126,
Carrick at Cameron House Golf Club,https://www.cameronhouse.co.uk/golf/courses/the-carrick/,Argyll & Bute,Alexandria,18,2127,
Carrickvale Golf Club,https://www.carrickvalegolfclub.co.uk/,Edinburgh,Edinburgh,18,2129,
Castle Douglas Golf Club,https://cdgolfclub.co.uk/,Dumfries & Galloway,Castle Douglas,18,2130,
Castle Park Golf Club,https://www.castleparkgolfclub.co.uk/,East Lothian,Haddington,18,2131,
Cathcart Castle Golf Club,https://www.cathcartcastle.net/,Glasgow,Glasgow,18,2133,
Cathkin Braes Golf Club,https://cathkinbraesgolfclub.co.uk/,South Lanarkshire,Glasgow,18,2134,
Cawder Golf Club,https://cawdergolfclub.com/,East Dunbartonshire,Glasgow,18,2135,
Charleton Golf Course ,https://charleton.co.uk/,Fife,Leven,18,2136,
Chase Golf Club,https://thechasegolfclub.co.uk/index.html,North Lanarkshire,Ayr,18,2137,
Clober Golf Club,https://www.clobergolfclub.co.uk/,East Dunbartonshire,Glasgow,18,2139,
Clydebank & District Golf Club,https://www.clydebankdgc.co.uk/,West Dunbartonshire,Clydebank,18,2141,
Clydebank Overtoun Golf Club,https://www.clydebankovertoun.com/,West Dunbartonshire,Dalmuir,18,2142,
Coatbridge Golf Club,https://www.activenl.co.uk/lochview-family-golf-centre,North Lanarkshire,Coatbridge,18,2411,
Cochrane Castle Golf Club,https://cochranecastle.com/,Renfrewshire,Renfrewshire,18,2144,
Colvend Golf Club,https://www.colvendgolfclub.co.uk/,Dumfries & Galloway,Dalbeattie,18,2145,
Colville Park Golf Club,https://colvilleparkgc.co.uk/,North Lanarkshire,Motherwell,18,2146,
Comiston Ladies Golf Club,https://www.comistonladiesgolfclub.co.uk/,Edinburgh,Edinburgh EH10 6JY,18,2147,
Comrie Golf Club,https://www.comriegolf.co.uk/,Perth & Kinross,Crieff,18,2148,
Corrie Golf Club,https://www.corriegolfclub.com/,North Lanarkshire,Isle of Arran,18,2149,
Cowal Golf Club,https://www.cowalgolfclub.co.uk/,Argyll & Bute,Dunoon,18,2152,
Cowdenbeath Golf Club,https://cowdenbeath-golfclub.com/,Fife,Cowdenbeath,18,2153,
Cowglen Golf Club,https://www.cowglengolfclub.co.uk/,Glasgow,Glasgow,18,2154,
Craibstone Golf Club,https://www.marshall-leisure.co.uk/,Aberdeen City,Aberdeen,18,2155,
Craigie Hill Golf Club,http://www.craigiehill.co.uk,Perth & Kinross,Perth,18,2157,
Craigielaw Golf Club,https://www.craigielawgolfclub.com/,East Lothian,Longniddry,18,2158,
Craigmillar Park Golf Club,https://www.craigmillarpark.co.uk/,Edinburgh,Edinburgh,18,2159,
Craignure Golf Club,https://craignuregolfclub.co.uk/,Argyll & Bute,Isle of Mull,18,2160,
Crail Golfing Society,https://crailgolfingsociety.co.uk/,Fife,Anstruther,18,2161,
Crichton Golf Club,http://www.crichtongolfclub.com,Dumfries & Galloway,Dumfries,18,2162,
Crieff Golf Club,http://www.crieffgolf.co.uk,Perth & Kinross,Crieff,18,2163,
Crow Wood Golf Club,https://www.crowwoodgolfclub.co.uk/,North Lanarkshire,Glasgow,18,2165,
Cruden Bay Golf Club,https://crudenbaygolfclub.co.uk/,Aberdeenshire,Peterhead,18,2166,
Cullen Links Golf Club,https://www.cullenlinksgolf.co.uk/,Moray,Buckie,18,2167,
Cupar Golf Club,http://www.cupargolfclub.co.uk/,Fife,Cupar,18,2168,
DALCGA,https://dalcga.co.uk/,East Dunbartonshire,,18,2207,
Dalbeattie Golf Club,https://www.dalbeattiegolfclub.co.uk/,Dumfries & Galloway,Dalbeattie,18,2169,
Dalhousie Golf Club,https://www.dalhousie.co.uk/,Angus,Carnoustie,18,2170,
Dalmahoy Hotel & Country Club,https://www.dalmahoyhotelandcountryclub.co.uk/,Edinburgh,Edinburgh,18,2171,
Dalmally Golf Club,https://dalmallygolfclub.co.uk/,Argyll & Bute,Argyll,18,2172,
Dalmunzie Golf Club,https://www.dalmunzieestate.com/golf,Perth & Kinross,Blairgowrie,18,2173,
David Lloyd Rouken Glen Golf Club,https://www.davidlloyd.co.uk/clubs/glasgow-rouken-glen/golf/,East Renfrewshire,Glasgow,18,2176,
Deaconsbank Golf Club,https://deaconsbank.cw.sct.dotgolf.co.uk,East Renfrewshire,Glasgow,18,2177,
Deer Park Golf & Country Club,http://www.deer-park.co.uk,West Lothian,West Lothian,18,2178,
Deeside Golf Club,https://www.deesidegolfclub.com/,Aberdeen City,Aberdeen,18,2179,
Dirleton Castle Ladies Golf Club,https://dirletoncastleladies.chessck.co.uk/,East Lothian,Gullane,18,2181,
Dougalston Golf Club,https://www.dougalstongolfclub.co.uk/,East Dunbartonshire,Glasgow,18,2183,
Douglas Park Golf Club,https://www.douglasparkgolfclub.co.uk/,East Dunbartonshire,,18,2184,
Downfield Golf Club,https://www.downfieldgolf.com/,Dundee,Dundee,18,2186,
Drumoig Golf Club,http://drumoig.cw.sct.dotgolf.co.uk,Fife,St Andrews,18,2189,
Drumpellier Golf Club,https://www.drumpelliergolfclub.co.uk/visitors/,North Lanarkshire,Coatbridge,18,2190,
Duddingston Golf Club,https://www.duddingstongolfclub.co.uk/,Edinburgh,Edinburgh,18,2191,
Duff House Royal Golf Club,http://www.duffhouseroyal.com,Aberdeenshire,Banff,18,2192,
Dufftown Golf Club,https://dufftowngolfclub.com/,Moray,Dufftown,18,2193,
Dullatur Golf Club,http://www.dullaturgolf.com/,North Lanarkshire,Glasgow,18,2195,
Dumbarnie Golf Links,https://www.dumbarnielinks.com/,Fife,Fife,18,2196,
Dumbarton Golf Club,https://www.dumbartongolfclub.co.uk/,West Dunbartonshire,Broadmeadow,18,2197,
Dumfries & County Golf Club,https://thecounty.co.uk/,Dumfries & Galloway,Dumfries,18,2199,
Dumfries & Galloway Golf Club,https://www.dandggolfclub.co.uk/,Dumfries & Galloway,Dumfries,18,2200,
Dun Ochil Golf Club,http://dunochil.com/website/,Perth & Kinross,Auchterarder,18,2202,
Dun Whinny Golf Club,https://www.dunwhinny.com/,Perth & Kinross,Auchterarder,18,2203,
Dunaverty Golf Club,https://www.dunavertygolfclub.com/,Argyll & Bute,Argyll,18,2204,
Dunbar Golf Club,https://dunbargolfclub.com/,East Lothian,Dunbar,18,2206,
Dunblane New Golf Club,http://www.dngc.co.uk/,Stirling,Dunblane,18,2208,
Dundas Parks Golf Club,https://www.dundasparksgolf.co.uk,Edinburgh,South Queensferry,18,2210,
Dundonald Links Golf Club,https://dundonaldlinks.com/,North Ayrshire,Irvine,18,2211,
Dunecht House Golf Club,https://dunechthousegolfclub.co.uk/,Aberdeenshire,Westhill,18,2212,
Dunfermline Golf Club,http://www.dunfermlinegolfclub.com,Fife,Fife,18,2213,
Dunkeld & Birnam Golf Club,https://www.dunkeldandbirnamgolfclub.co.uk/,Perth & Kinross,PH8 0ES,18,2214,
Dunnikier Park Golf Club,https://www.dunnikierparkgolfclub.com/,Fife,Fife KY1 3LP,18,2215,
Dunning Golf Club,https://www.dunninggolfclub.co.uk/,Perth & Kinross,Perth,18,2216,
Duns Golf Club,https://www.dunsgolfclub.com/,Scottish Borders,Duns,18,2218,
Durness Golf Club,https://www.durnessgolfclub.org/,Highland,Lairg,18,2219,
Earlsferry Thistle Golf Club,https://earlsferrythistle.org.uk/,Fife,Leven,18,2221,
East Kilbride Golf Club,https://www.ekgolfclub.com/,South Lanarkshire,Glasgow,18,2223,
East Kilbride Sports Club Golf Club,https://eastkilbridesportsclub.com/,South Lanarkshire,Glasgow,18,2225,
East Renfrewshire Golf Club,https://www.eastrengolfclub.co.uk/,East Renfrewshire,Glasgow,18,2228,
Easter Moffat Golf Club,http://www.emgc.org.uk/,North Lanarkshire,Airdrie,18,2229,
Eastwood Twelve Golf Club,https://eastwoodtwelve.co.uk/?utm_source=google&utm_medium=organic&utm_campaign=ew12-gbp,East Renfrewshire,,12,2726,
EdenFields Golf Club,https://www.elmwoodgolf.co.uk/season-tickets/edenfields-golf-club/,Fife,KY15 5RS,18,2231,
Edinburgh Leisure Golf Club,https://www.edinburghleisure.co.uk/activities/golf,Edinburgh,Edinburgh,18,2234,
Edinburgh Thistle Golf Club,https://www.edinburghthistlegolfclub.com/,Edinburgh,Edinburgh,18,2235,
Edinburgh Western Golf Club,https://ewgc.golf-club.website/website/,Edinburgh,Edinburgh,18,2236,
Edzell Golf Club,https://www.edzellgolfclub.com/,Angus,Brechin,18,2237,
Elderslie Golf Club,https://eldersliegolfclub.com/,Renfrewshire,Eldeslie,18,2238,
Elgin Golf Club,https://www.elgingolfclub.com/,Moray,Elgin,18,2240,
Elie & Earlsferry Ladies Golf Club,http://www.ladiesgolfelie.co.uk/,Fife,Elie,18,2241,
Eriskay Whisky Galore Golf Club,https://www.eriskaygolfclub.com/,Highland,Tain,18,2245,
Erskine Golf Club,https://www.erskinegolfclublimited.co.uk/,Renfrewshire,Bishopton,18,2246,
Eyemouth Golf Club,http://www.eyemouthgolfclub.co.uk,Scottish Borders,Eyemouth,18,2247,
Fairmont St Andrews,http://www.fairmont.com/st-andrews-scotland,Fife,St Andrews,18,2248,
Falkirk Golf Club,http://www.falkirkgolfclub.co.uk/,Falkirk,Falkirk,18,2250,
Falkirk Tryst Golf Club,https://www.falkirktrystgolfclub.com/,Falkirk,FK5 4BT,18,2251,
Falkland Golf Club,https://www.falklandgolfclub.com/,Fife,Cupar,9,2252,
Fereneze Golf Club,https://ferenezegolfclub.co.uk,East Renfrewshire,Glasgow,18,2253,
Fife County Ladies Golf Association,https://fclga.blogspot.com/,Fife,,18,2254,
Forfar Golf Club,http://www.forfargolfclub.co.uk,Angus,Forfar,18,2256,
Forres Golf Club,https://forresgolfclub.co.uk/,Moray,Forres,18,2257,
Forrester Park Golf Club,https://www.forresterparkresort.com/,Fife,Cairneyhill,18,2258,
Fort William Golf Club,https://fortwilliamgolfclub.com/,Highland,Fort William,18,2260,
Fortrose & Rosemarkie Golf Club,https://fortrosegolfclub.co.uk/,Highland,Fortrose,18,2261,
Fraserburgh Golf Club,https://fraserburghgolfclub.org/,Aberdeenshire,Aberdeenshire,18,2262,
Gairloch Golf Club,https://gairlochgolfclub.co.uk/index.html,Highland,IV21 2BD,18,2263,
Galashiels Golf Club,http://www.galashielsgolfclub.co.uk,Scottish Borders,Galashiels,18,2264,
Galloway Ladies County Golf Association,http://www.gallowayladies.co.uk/,Dumfries & Galloway,,18,2265,
Garmouth & Kingston Golf Club,http://garmouthkingstongolfclub.com/,Moray,Fochabers,18,2267,
Gatehouse Golf Club,http://www.gatehousegolfclub.com/,Dumfries & Galloway,Gatehouse,18,2268,
Gifford Golf Club,https://www.giffordgolfclub.com/,East Lothian,EH41 4JE,18,2270,
Girvan Golf Club,https://www.girvangolf.com/,South Ayrshire,Girvan,18,2271,
Glasgow Gailes Links ,https://gaileslinks.co.uk,South Ayrshire,Irvine,18,2731,
Glasgow Golf Club,https://glasgowgolfclub.com/,East Dunbartonshire,Glasgow,18,2273,
Glasgow Golf Union,https://www.glasgowgolfunion.com,Glasgow,,18,2274,
Gleddoch Resorts Ltd,https://www.gleddoch.com/,Renfrewshire,Port Glasgow,18,2276,
Glen Golf Club,http://www.glengolfclub.co.uk,East Lothian,North Berwick,18,2277,yes
Glenbervie Golf Club,http://www.glenberviegolfclub.com,Falkirk,Larbert,18,2279,
Glencorse Golf Club,https://www.glencorsegolfclub.com/,Midlothian,Penicuik,18,2280,
Glencruitten Golf Club,https://golfoban.com/,Argyll & Bute,Oban,18,2281,
Gleneagles,http://www.gleneagles.com,Perth & Kinross,Auchterarder,18,2282,yes
Glenearn Golf Club,https://glenearngolfclub.co.uk/,Perth & Kinross,Auchterarder,18,2283,
Glenrothes Golf Club,http://www.glenrothesgolf.org.uk/,Fife,Glenrothes,18,2284,
Gogarburn Golf Club,https://www.gogarburngc.com/,Edinburgh,Newbridge,18,2285,
Golf House Club Elie,https://www.golfhouseclub.co.uk/members/,Fife,Leven,18,2288,
Golf South Ayrshire Golf Club,http://www.golfsouthayrshire.com,South Ayrshire,Troon,18,2644,
Golspie Golf Club,https://www.golspiegolfclub.co.uk/,Highland,Golspie,18,2292,
Gourock Golf Club,https://gourockgolfclub.com/,Inverclyde,Inverclyde,18,2294,
Grange & Broughty Golf Club,https://grangeandbroughtygc.co.uk/,Angus,Dundee,18,2295,
Grangemouth Golf Club,http://www.grangemouthgolfclub.co.uk/,Falkirk,Falkirk,18,2296,
Grantown-on-Spey Golf Club,http://www.grantownonspeygc.co.uk,Highland,Grantown-on-Spey,18,2297,
Greenburn Golf Club,https://www.greenburngolfclub.co.uk/,West Lothian,Bathgate,18,2298,
Greenhills Golf Club,https://greenhillsgolfclub.co.uk,South Lanarkshire,,18,2299,
Greenock Golf Club,https://greenockgolfclub.co.uk/,Inverclyde,Greenock,18,2300,
Greenock Whinhill Golf Club,https://ilactivegolf.com/,Inverclyde,Inverclyde,18,2301,
Gullane Golf Club,https://www.gullanegolfclub.com,East Lothian,Gullane,18,2303,
Gullane Ladies Golf Club,https://www.gullanegolfclub.co.uk/gullane_ladies_golf_club,East Lothian,Gullane,18,2304,
Haddington Golf Club,http://haddingtongolf.co.uk/,East Lothian,Haddington,18,2305,
Haggs Castle Golf Club,https://www.haggscastlegolfclub.com/,Glasgow,Glasgow,18,2306,
Hamilton Golf Club,https://www.hamiltongolfclub.co.uk/,South Lanarkshire,Hamilton,18,2308,
Harburn Golf Club,https://harburngolfclub.co.uk/,West Lothian,West Calder,18,2309,
Harrison Golf Club,http://harrisongolfclub.org.uk/,Edinburgh,Edinburgh,18,2310,
Hawick Golf Club,http://www.hawickgolfclub.com/,Scottish Borders,Hawick,18,2311,
Hayston Golf Club,https://www.haystongolf.com/,East Dunbartonshire,Glasgow,18,2312,
Hazlehead Golf Club,https://www.hazleheadgolfclub.co.uk/,Aberdeen City,Aberdeen,18,2313,
Helensburgh Golf Club,https://www.helensburghgolfclub.co.uk/,Argyll & Bute,Helensburgh,18,2314,
Helmsdale Golf Club,http://www.helmsdale.org/golf.html,Highland,Sutherland,18,2315,
Hilton Park Golf Club,https://hiltonpark.net/,East Dunbartonshire,Glasgow,18,2316,
Hirsel Golf Club,https://www.hirselgc.co.uk/,Scottish Borders,Coldstream,18,2317,
Hollandbush Golf Club,http://www.hollandbushgolfclub.co.uk/,South Lanarkshire,Lanark,18,2318,
Hopeman Golf Club,https://www.hopemangolf.club/,Moray,Moray,18,2320,
Huntly Golf Club,https://www.huntlygolfclub.com/,Aberdeenshire,Huntly,18,2321,
Inchmarlo Golf Club,https://www.inchmarlogolf.co.uk/,Aberdeenshire,AB31 4BQ,18,2323,
Innellan Golf Club,https://www.innellangolfclub.co.uk/,Argyll & Bute,Dunoon,18,2325,
Innerleithen Golf Club,http://www.innerleithengolf.co.uk/,Scottish Borders,EH44 6NL,18,2326,
Insch Golf Club,https://www.inschgolfclub.co.uk/,Aberdeenshire,Insch,18,2327,
Inverallochy Golf Club,https://inverallochygolfclub.com/,Aberdeenshire,Fraserburgh,18,2328,
Invergordon Golf Club,https://invergordongolf.co.uk/,Highland,Invergordon,18,2330,
Inverness Golf Club,https://www.invernessgolfclub.co.uk/,Highland,Inverness,18,2331,
Inverurie Golf Club,https://www.inveruriegolfclub.co.uk/,Aberdeenshire,Inverurie,18,2332,
Irvine Ravenspark Golf Club,https://www.irgc.co.uk/,North Ayrshire,Irvine,18,2335,
Islay Golf Club,https://islaygolfclub.co.uk/,Argyll & Bute,Isle of Islay,18,2336,
Isle of Barra Golf Club,https://isleofbarra.com/barragolfclub.htm,Eilean Siar,Isle of Barra,18,2337,
Isle of Harris Golf Club,https://www.harrisgolf.com/,Eilean Siar,Isle of Harris,18,2338,
Isle of Seil Golf Club,https://isleofseil.cw.sct.dotgolf.co.uk/home,Argyll & Bute,Oban,18,2339,
Isle of Skye Golf Club,https://isleofskyegolfclub.co.uk/,Highland,Isle of Skye,18,2340,
Jedburgh Golf Club,https://www.jedburghgolfclub.co.uk/,Scottish Borders,Jedburgh,18,2341,
Junior Tour Scotland,https://www.juniortourscotland.com,Edinburgh,Prestonpans,18,2344,
Keith Golf Club,http://www.keithgolfclub.co.uk/,Moray,Keith,18,2345,
Kelso Golf Club,http://www.kelsogolfclub.co.uk/,Scottish Borders,Kelso,18,2346,
Kenmore Golf Club,https://www.taymouth.co.uk,Perth & Kinross,Kenmore,18,2348,
Kidsneuk Ladies Golf Club,https://kidsneukladies.cw.sct.dotgolf.co.uk/,North Ayrshire,North Ayshire,18,2350,
Kilbirnie Place Golf Club,https://www.kilbirnieplacegc.co.uk/,North Ayrshire,Kilbirnie,18,2351,
Kilbowie Golf Club,https://dgu.org.uk/clydeview-gc/,West Dunbartonshire,Clydebank,18,2352,
Killin Golf Club,https://www.killingolfclub.co.uk/,Stirling,Killin,9,2353,
Kilmacolm Golf Club,http://www.kilmacolmgolfclub.com,Inverclyde,Kilmacolm,18,2354,
Kilmarnock (Barassie) Golf Club,https://www.kbgc.co.uk/,South Ayrshire,Troon,18,2355,
Kilspindie Golf Club,https://www.kilspindiegolfclub.co.uk/,East Lothian,Longniddry,18,2356,
Kilsyth Lennox Golf Club,https://www.kilsythlennox.com/,North Lanarkshire,Glasgow,18,2357,
King James VI Golf Club,https://www.kingjamesvi.co.uk/,Perth & Kinross,Perth,18,2358,
Kingennie Golf Club,https://www.forbesofkingennie.co.uk/golf/kingennie-golf-course/,Angus,Dundee,9,2359,
Kinghorn Golf Club,https://www.kinghorngolfclub.com/,Fife,Burntisland,18,2360,
Kings Acre Golf Club,https://www.kings-acregolf.com/,Midlothian,Lasswade,18,2362,
Kings Golf Club,https://www.kingsgolfclubinverness.co.uk/,Highland,Inverness,18,2363,
Kingsbarns Golf Links Golf Club,https://www.kingsbarns.com,Edinburgh,,18,2011,
Kingsfield Golf Club,https://kingsfieldgolfandleisure.co.uk/,West Lothian,Linlithgow,9,2365,
Kingsknowe Golf Club,http://www.kingsknowe.com,Edinburgh,Edinburgh,18,2367,
Kingussie Golf Club,https://kingussiegolfclub.co.uk/,Highland,Kingussie,18,2368,
Kinross Golf Club,http://www.kinrossgolfclub.co.uk/,Perth & Kinross,Kinross,18,2370,
Kintore Golf Club,https://www.kintoregolfclub.net/,Aberdeenshire,Inverurie,18,2371,
Kirkcaldy Golf Club,https://kirkcaldygolfclub.co.uk/,Fife,Kirkcaldy,18,2372,
Kirkcudbright Golf Club,https://www.kirkcudbrightgolf.co.uk/,Dumfries & Galloway,Kirkcudbright,18,2373,
Kirkhill Golf Club,http://www.kirkhillgolfclub.org.uk/,South Lanarkshire,Glasgow,18,2374,
Kirkintilloch Golf Club,https://www.kirkintillochgolfclub.co.uk,East Dunbartonshire,Glasgow,18,2375,
Kirriemuir Golf Club,https://www.kirriemuirgolfclub.co.uk/,Angus,Kirriemuir,18,2376,
Knightswood Golf Club,https://www.glasgowlife.org.uk/sport/venues/knightswood-golf-course,Glasgow,Glasgow,18,2377,
Kotarana (Test) Golf Club,https://www.scottishgolf.org,Edinburgh,Viking Way,9,2705,
Kyles of Bute Golf Club,https://www.kylesofbutegolfclub.co.uk/,Argyll & Bute,Tighnabruaich,18,2378,
Ladies Golf Club Troon,https://tlgct.org.uk/,South Ayrshire,Troon,18,2379,
"Ladies Panmure Golf Club, Monifieth",https://ladiespanmuregolf.co.uk/club/,Angus,Dundee,18,2380,
Ladybank Golf Club,https://ladybankgolf.co.uk/,Fife,Cupar,18,2381,
Lamlash Golf Club,https://lamlashgolfclub.com/,North Ayrshire,Isle of Arran,18,2382,
Lanark Golf Club,https://www.lanarkgolfclub.co.uk/,South Lanarkshire,Lanark,18,2383,
Lanarkshire Golf Association,http://lanarkshiregolf.com/,South Lanarkshire,,18,2384,
Langholm Golf Club,https://www.langholmgolfclub.co.uk/,Dumfries & Galloway,Langholm,18,2386,
Langlands Golf Club,http://www.langlandsgolfclub.co.uk/,South Lanarkshire,East Kilbride,18,2387,
Largs Golf Club,https://www.largsgolfclub.co.uk/,North Ayrshire,Largs,18,2388,
Larkhall Golf Club,https://www.slleisureandculture.co.uk/info/243/larkhall_golf_course,South Lanarkshire,Larkhall,18,2389,
Lauder Golf Club,http://lauder.golf-club.website,Scottish Borders,Lauder,18,2390,
Lenzie Golf Club,https://www.lenziegolfclub.co.uk/,East Dunbartonshire,Glasgow,18,2392,
Leslie Golf Club,https://www.lesliegolfclub.co.uk/,Fife,Glenrothes,18,2393,
Leuchars Station Golf Club,https://www.armygolf.co.uk/locations/leuchars-station/,Fife,St Andrews,18,2395,
Leven Golfing Society ,http://www.levengolfingsociety.co.uk/,Fife,Fife,18,2396,
Leven Thistle Golf Club,https://www.leventhistlegc.co.uk/,Fife,,18,2397,
Liberton Golf Club,https://libertongc.co.uk/,Edinburgh,Edinburgh,18,2398,
Lilliardsedge Golf Club,https://wigtownshirecounty.com/,Scottish Borders,Jedburgh,18,2399,
Linlithgow Golf Club,https://linlithgowgolf.co.uk/,West Lothian,Linlithgow,18,2400,
Loch Lomond Golf Club,https://www.lochlomond.com/,Argyll & Bute,Alexandria,18,2403,
Lochcarron Golf Club,https://lochcarrongolfclub.co.uk/,Highland,Strathcarron,18,2404,
Lochend Golf Club,https://lochendgolfclub.co.uk/,Edinburgh,Edinburgh,18,2405,
Lochgilphead Golf Club,https://www.lochgilpheadgolfclub.co.uk/,Argyll & Bute,Lochgilphead,18,2407,
Lochgoilhead Golf Club,https://lochgoilhead.info/golf-club/,Argyll & Bute,Cairndow,18,2408,
Lochmaben Golf Club,https://www.lochmabengolf.co.uk/,Dumfries & Galloway,Dumfriesshire,18,2409,
Lochore Meadows Golf Club,https://fifegolftrust.co.uk/lochore-meadows-golf-course/,Fife,Lochgelly,18,2410,
Lochwinnoch Golf Club,https://www.lochwinnochgolf.co.uk/,Renfrewshire,Lochwinnoch,18,2412,
Lockerbie Golf Club,http://www.lockerbiegolf.co.uk/,Dumfries & Galloway,Lockerbie,18,2413,
Longniddry Golf Club,https://www.longniddrygolfclub.co.uk/,East Lothian,Longniddry,18,2416,
Longside Golf Club,http://www.longsidegolfclub.co.uk/,Aberdeenshire,Aberdeenshire,18,2417,
Loudoun Gowf Club,http://www.loudoungowfclub.co.uk/,East Ayrshire,Galston,18,2420,
Luffness New Golf Club,https://www.luffnessnew.com/,East Lothian,East Lothian,18,2421,
Lumphanan Golf Club,https://lumphanangolfclub.co.uk/,Aberdeenshire,Banchory,9,2422,
Lundin Golf Club,https://www.lundingolfclub.co.uk/,Fife,Leven,18,2424,
Lundin Ladies Golf Club,https://lundinladiesgolfclub.co.uk/,Fife,Leven,9,2425,
Lybster Golf Club,https://lybstergolfclub.co.uk/,Highland,Lybster,18,2427,
Machrie Bay Golf Club,https://machriebay.com/,North Ayrshire,Isle of Arran,18,2428,
Machrihanish Dunes Golf Club,https://machrihanishdunes.com/,Argyll & Bute,Argyll,18,2429,
Machrihanish Golf Club,https://www.machgolf.com/,Argyll & Bute,Argyll,18,2430,
Malletsheugh Golf Club,https://malletsheughgolfclub.wixsite.com/est1976,Glasgow,Troon,18,2431,
Mar Hall Golf and Spa Resort Golf Club,https://www.marhall.com/golf-course.html,East Renfrewshire,Bishopton,18,2220,
Marine Golf Club,https://marinegolfclub.webs.com/,Aberdeen City,Aberdeen,18,2432,
Maverston Golf Club,https://www.maverstongolf.com/,Moray,IV30 8LR,18,2433,
Maybole Golf Club,https://www.maybolegolf.com/,South Ayrshire,Maybole,18,2434,
McDonald Golf Club,https://www.ellongolfclub.co.uk/,Aberdeenshire,Ellon,18,2435,
Mearns Castle Golf Club,https://mcgolfacademy.co.uk/,East Renfrewshire,Glasgow,18,2436,
Meldrum House Golf Club,https://www.meldrumhouse.com/,Aberdeenshire,Inverurie,18,2437,
Melrose Golf Club,https://melrosegolfclub.co.uk/,Scottish Borders,Melrose,18,2438,
Melville Golf Club,https://melvillegolf.com/,Midlothian,Lasswade,18,2439,
Merchants of Edinburgh Golf Club,https://www.merchantsgolf.com/,Edinburgh,Edinburgh,18,2440,
Midlothian County Ladies Golf Association,https://www.mclga.com,Midlothian,,18,2443,
Millport Golf Club,https://www.millportgolfclub.co.uk/,North Ayrshire,Isle of Cumbrae,18,2444,
Milnathort Golf Club Ltd,https://www.milnathortgolfclub.co.uk,Perth & Kinross,Milnathort,9,2445,
Milngavie Golf Club,http://www.milngaviegolfclub.com,East Dunbartonshire,Glasgow,18,2446,
Minto Golf Club,https://www.mintogolf.co.uk/,Scottish Borders,Hawick,18,2447,
Moffat Golf Club,https://www.moffatgolfclub.co.uk/,Dumfries & Galloway,Moffat,18,2448,
Monifieth Golf Club,https://monifiethgolf.co.uk/,Angus,Dundee,18,2449,
Monifieth Junior Golf Academy,https://monifiethjga.co.uk/,Angus,Monifieth,18,2450,
Montrose Golf Links,https://montrosegolflinks.com/,Angus,Montrose,18,2452,
Moorpark Golf Club,https://www.moorparkgc.co.uk/,North Ayrshire,Stevenston,18,2453,
Moray Golf Club,http://www.moraygolf.co.uk,Moray,Lossiemouth,18,2454,
Mortonhall Golf Club,https://www.mortonhallgc.co.uk/,Edinburgh,Edinburgh,18,2455,
Muckhart Golf Club,http://www.muckhartgolf.com,Clackmannanshire,Dollar,18,2457,
Muir Of Ord Golf Club,https://muirofordgolfclub.co.uk/,Highland,Muir of Ord,18,2458,
Muirfield,http://www.muirfield.org.uk,East Lothian,East Lothian,18,2714,
Muirkirk Golf Club,http://www.muirkirkgolfclub.com/,East Ayrshire,Cumnock,18,2459,
Murcar Links Golf Club,https://murcarlinks.com/,Aberdeen City,Aberdeen,18,2460,
Murrayfield Golf Club,https://www.murrayfieldgolfclub.co.uk/,Edinburgh,Edinburgh,18,2461,
Murrayshall Golf Club,http://www.murrayshall.co.uk,Perth & Kinross,Perth,18,2462,
Musselburgh Golf Club,https://www.themusselburghgolfclub.com/,East Lothian,Musselburgh,18,2463,
Musselburgh Links Ladies Golf Club,http://www.musselburghlinksladies.co.uk/,Midlothian,Musselburgh,18,2464,
Musselburgh Old Course Golf Club,http://www.musselburgholdlinks.co.uk/,East Lothian,Musselburgh,18,2465,
Muthill Golf Club,https://muthillgolfclub.co.uk/,Perth & Kinross,Crieff,18,2466,
Nairn Dunbar Golf Club,http://www.nairndunbar.com,Highland,Nairn,18,2467,
Nairn Golf Club,https://www.nairngolfclub.co.uk/,Highland,Nairn,18,2468,
New Galloway Golf Club,https://newgallowaygolfclub.com/,Dumfries & Galloway,Castle Douglas,18,2471,
New Golf Club St Andrews,https://www.newgolfclubstandrews.co.uk/,Fife,St Andrews,18,2472,
Newbattle Golf Club,http://www.newbattlegolfclub.com/,Midlothian,Dalkeith,18,2473,
Newburgh-On-Ythan Golf Club,https://newburghgolfclub.co.uk/,Aberdeenshire,Ellon,18,2474,
Newmachar Golf Club,http://www.newmachargolfclub.co.uk,Aberdeenshire,Aberdeen,18,2476,
Newton Stewart Golf Club,https://www.newtonstewartgolfclub.co.uk/,Dumfries & Galloway,Newton Stewart,18,2477,
Newtonmore Golf Club,https://www.newtonmoregolf.com/,Highland,Newtonmore,18,2478,
Niddry Castle Golf Club,https://www.niddrycastlegolfclub.co.uk/,West Lothian,West Lothian,18,2480,
Nigg Bay Golf Club,https://www.niggbaygolfclub.co.uk/,Aberdeen City,Aberdeen,18,2481,
North Berwick Golf Club,https://www.northberwickgolfclub.com/,East Lothian,North Berwick,18,2483,yes
North East of Scotland Golfers Alliance,https://www.negolfalliance.co.uk/,Edinburgh,Straik Road,18,2486,
North Inch Junior Golf Club,https://www.northinchgolf.co.uk/junior-club,Perth & Kinross,Perth,18,2488,
Old Course Ranfurly Golf Club,http://www.oldranfurly.com,Renfrewshire,Bridge of Weir,18,2492,
Oldmeldrum Golf Club,https://www.oldmeldrumgolf.co.uk/,Aberdeenshire,Inverurie,18,2493,
Orkney Golf Club,https://orkneygolfclub.co.uk/,Orkney,Orkney,18,2494,
Palacerigg Golf Club,http://www.palacerigggolfclub.co.uk/,North Lanarkshire,Glasgow,18,2496,
Panmure Golf Club,http://www.panmuregolfclub.co.uk,Angus,Carnoustie,18,2497,
Paul Lawrie Golf Centre,https://www.paullawriegolfcentre.co.uk/,Aberdeenshire,Aberdeen,9,2499,
Pecten Golf Club,https://pectengolf.co.uk/,Aberdeenshire,,18,2500,
Peebles Golf Club,https://www.peeblesgolfclub.com/,Scottish Borders,Peebles,18,2501,
Perth Artisans Golf Club,https://perthartisan.golf-club.website,Perth & Kinross,Perth,18,2505,
Perth Ladies Golf Club,https://www.perthladiesgolfclub.co.uk/,Perth & Kinross,Perth,18,2506,
Peterculter Golf Club,https://www.petercultergolfclub.co.uk/,Aberdeen City,Aberdeen,18,2508,
Peterhead Golf Club,https://www.peterheadgolfclub.co.uk/,Aberdeenshire,Peterhead,18,2509,
Piperdam Golf Club,https://www.piperdam.com/golf/golf-in-scotland/,Angus,Dundee,18,2510,
Pitlochry Golf Club,https://www.pitlochrygolf.co.uk/,Perth & Kinross,Pitlochry,18,2511,
Pitreavie (Dunfermline) Golf Club,https://www.pitreaviegolfclub.co.uk/,Fife,Dunfermline,18,2512,
Playsport Golf Club,https://playsportgolf.co.uk/,South Lanarkshire,Glasgow,18,2513,
Polkemmet Golf Club,https://www.westlothianleisure.com/venues/outdoors/polkemmet-golf-and-driving-range/,West Lothian,Bathgate,18,2514,
Pollok Golf Club,https://www.pollokgolf.com/,Glasgow,Glasgow,18,2515,
Port Bannatyne Golf Club,https://portbannatynegolfclub.co.uk/,Argyll & Bute,Isle of Bute,18,2517,
Port Glasgow Golf Club,https://www.portglasgowgolfclub.co.uk/,Inverclyde,Port Glasgow,18,2518,
Portlethen Golf Club,http://www.portlethengolfclub.com/,Aberdeenshire,Aberdeen,18,2520,
Portmahomack (Tarbat) Golf Club,https://portmahomackgolfclub.com/,Highland,Tain,18,2521,
Portobello Golf Club,https://www.edinburghleisure.co.uk/venues/portobello-golf-course,Edinburgh,Edinburgh,18,2523,
Portpatrick Dunskey Golf Club,https://www.portpatrickgolfclub.com/,Dumfries & Galloway,Stranraer,18,2524,
Powfoot Golf Club,http://www.powfootgolfclub.com,Dumfries & Galloway,Annan,18,2525,
Prestonfield Golf Club Limited,https://www.prestonfieldgolf.co.uk/,Edinburgh,Edinburgh,18,2526,
Prestwick Centre Golf Club,http://www.pcgolf.club,North Ayrshire,Prestwick,18,2527,
Prestwick Golf Club,https://www.prestwickgc.co.uk/,South Ayrshire,Prestwick,18,2528,
Prestwick St Cuthbert Golf Club,https://www.stcuthbert.co.uk/,South Ayrshire,Prestwick,18,2529,
Prestwick St Nicholas Golf Club,https://www.prestwickstnicholas.com/,South Ayrshire,Prestwick,18,2530,
Pumpherston Golf Club,https://www.pumpherstongolfclub.co.uk/,West Lothian,West Lothian,18,2532,
Radnor Park Golf Club,https://radnorparkgolfclub.weebly.com/,West Dunbartonshire,Clydebank,18,2533,
Ralston Golf Club,http://www.ralstongolfclub.com,Renfrewshire,Paisley,18,2534,
Ranfurly Castle Golf Club,https://www.ranfurlycastlegolfclub.co.uk/,Renfrewshire,PA11 3HN,18,2535,
Ratho Park Golf Club,https://www.rathoparkgolfclub.co.uk/,Edinburgh,Newbridge,18,2536,
Ravelston Golf Club,http://www.ravelstongolfclub.co.uk/,Edinburgh,Edinburgh,18,2537,
Reay Golf Club,https://www.reaygolfclub.co.uk/,Highland,Thurso,18,2538,
Redburn Golf Club,https://www.redburngc.com,North Ayrshire,Dalry,18,2539,
Renaissance Golf Club,https://trcaa.com/,East Lothian,North Berwick,18,2541,
Renfrew Golf Club,http://www.renfrewgolfclub.net/,Renfrewshire,Renfrew,18,2542,
Renfrewshire Golf Union,https://www.renfrewshiregolfunion.co.uk/,Renfrewshire,,18,2543,
Rosehearty Golf Club,https://www.roseheartygolfclub.com/home,Aberdeenshire,"Aberdeenshire, Scotland",18,2547,
Rothes Golf Club,https://rothesgolfclub.co.uk/,Moray,AB38 7AN,18,2549,
Rothesay Golf Club,http://www.rothesaygolfclub.co.uk/,Argyll & Bute,Isle of Bute,18,2550,
Routenburn Golf Club,https://www.routenburngolfclub.co.uk/,North Ayrshire,Largs,18,2551,
Rowallan Castle Golf Club,https://rowallancastle.com/rowallan-championship-golf-course-ayrshire/,East Ayrshire,Ayrshire,18,2552,
Roxburghe Hotel & Golf Course,https://roxburghe-golf.com/en/home,Scottish Borders,TD5 8JZ,18,2553,
Royal Aberdeen Golf Club,http://www.royalaberdeengolf.com/,Aberdeen City,Aberdeen,18,2555,
Royal Burgess Golfing Society of Edinburgh,https://www.royalburgess.co.uk/,Edinburgh,Edinburgh,18,2557,
Royal Dornoch Golf Club,https://royaldornoch.com/,Highland,Dornoch,18,2558,
Royal Montrose Mercantile Golf Club,https://www.royalmontrosemercantilegolfclub.co.uk/,Angus,Montrose,18,2559,
Royal Musselburgh Golf Club,https://www.royalmusselburgh.co.uk/,East Lothian,Prestonpans,18,2560,
Royal Tarlair Golf Club,https://royaltarlair.co.uk/,Aberdeenshire,Macduff,18,2562,
Royal Troon Golf Club,https://www.royaltroon.co.uk,South Ayrshire,Troon,18,2563,
Saline Golf Club,https://salinegc.co.uk/,Fife,Saline,18,2564,
Sandyhills Golf Club,http://www.sandyhillsgolfclub.co.uk/,Glasgow,Glasgow,18,2566,
Sanquhar Golf Club,https://www.southofscotlandgolf.com/sanquhar-golf-club/,Dumfries & Galloway,Sanquhar,18,2567,
Scoonie Golf Club,https://scooniegolfclub.com/,Fife,Leven,18,2570,
Scotscraig Golf Club,http://www.scotscraiggolfingclub.com,Fife,Tayport,18,2572,
Scottish Seniors Golfing Society,http://www.scottishseniorsgolf.com,Edinburgh,Renfrewshire,18,2577,
Selkirk Golf Club,https://selkirkgolf.co.uk/,Scottish Borders,Selkirk,18,2589,
Shaws Bar Golf Club,https://shawsbargolf.club/,Glasgow,G46 7UZ,18,2590,
Shetland Golf Club,https://www.shetlandgolfclub.co.uk/,Shetland,Shetland,18,2591,
Shiskine Golf Club,https://www.shiskinegolf.com/,North Ayrshire,Isle of Arran,18,2592,
Shotts Golf Club,http://shottsgolfclub.co.uk/,North Lanarkshire,Shotts,18,2593,
Skelmorlie Golf Club,http://www.skelmorliegolf.co.uk/,North Ayrshire,Skelmorlie,18,2595,
South Ronaldsay Golf Club,https://southronaldsaygolf.com/,Orkney,Orkney,18,2598,
South of Scotland Golfers' Association,https://www.southofscotlandgolfers.com/,Dumfries & Galloway,,18,2597,
Southerness Golf Club,https://southernessgolfclub.com/,Dumfries & Galloway,Dumfries,18,2599,
Spean Bridge Golf Club,https://speangolf.co.uk/,Highland,PH34 4EF,18,2600,
Spey Bay Golf Club,http://www.speybay.co/,Moray,Fochabers,18,2601,
Spey Valley Golf Club,https://www.macdonaldhotels.co.uk/aviemore/see-and-do/activities/golfing,Highland,Aviemore,18,2602,
St Andrews Golf Club,https://thestandrewsgolfclub.co.uk/,Fife,St Andrews,18,2604,
St Andrews Links Trust,http://www.standrews.com,Fife,St Andrews,18,2605,
St Andrews Thistle Golf Club,https://standrewsthistle.com/,Fife,St Andrews,18,2606,
St Boswells Golf Club,https://stboswellsgolfclub.co.uk/,Scottish Borders,Melrose,9,2607,
St Fillans Golf Club,https://st-fillans-golf.com/,Perth & Kinross,St Fillans,9,2608,
St Leonards Golf Club,https://www.stleonards.golf/,Fife,St Andrews,18,2609,
St Medan Golf Club,https://stmedangolfclub.com/,Dumfries & Galloway,Newton Stewart,18,2610,
St Michaels Golf Club,https://stmichaelsgolfclub.com/,Fife,St. Andrews,18,2611,
St Mungo Golf Club,http://www.stmungogolfclub.com,North Ayrshire,Irvine,18,2612,
St Regulus Ladies Golf Club,https://www.st-regulus-lgc.co.uk/,Fife,St Andrews,18,2613,
St Rule Club,https://www.thestruleclub.co.uk/,Fife,St Andrews,18,2614,
Station Masters Golf Club,https://thestationmasters.com/,Angus,Carnoustie,18,2616,
Stephen Gallacher Foundation,https://www.sgfoundation.co.uk,Edinburgh,Edinburgh,18,2617,
Stewarton Golf Club,http://www.stewartongolfclub.co.uk,East Ayrshire,Kilmarnock,18,2618,
Stirling Golf Club,https://www.stirlinggolfclub.com/,Stirling,Stirling,18,2621,
Stonehaven Golf Club,http://stonehavengolfclub.com/,Aberdeenshire,Stonehaven,18,2623,
Stornoway Golf Club,http://www.stornowaygolfclub.co.uk/,Eilean Siar,Isle of Lewis,18,2624,
Stranraer Golf Club,https://www.stranraergolfclub.net/,Dumfries & Galloway,Stranraer,18,2625,
Strathallan School ,https://www.strathallan.co.uk,Perth & Kinross,Perth,9,2719,
Strathaven Golf Club,https://www.strathavengc.com/,South Lanarkshire,Strathaven,18,2626,
Strathendrick Golf Club,http://www.strathendrickgolfclub.co.uk/,Stirling,Drymen,18,2628,
Strathlene Buckie Golf Club,http://www.strathlenegolfclub.co.uk/,Moray,Buckie,18,2629,
Strathmore Golf Club,https://www.strathmoregolf.com/,Perth & Kinross,Blairgowrie,18,2630,
Strathpeffer Spa Golf Club,https://strathpefferspagolfclub.co.uk/,Highland,Strathpeffer,18,2631,
Strathtay Golf Club,https://www.strathtaygolfclub.com/,Perth & Kinross,Pitlochry,18,2632,
Stromness Golf Club,https://stromnessgc.co.uk/,Orkney,Orkney,18,2633,
Swanston Golf Club Ltd,https://swanstongolf.co.uk/,Edinburgh,Edinburgh,18,2634,
Tain Golf Club,https://www.tain-golfclub.co.uk/,Highland,Tain,18,2635,
Tantallon Golf Club,https://tantallongolfclub.co.uk/,East Lothian,North Berwick,18,2637,
Tarbert Golf Club,https://tarbertgolfclub.com/,Argyll & Bute,Argyll,18,2638,
Tarland Golf Club,https://www.tarlandgolfclub.co.uk/,Aberdeenshire,Aboyne,18,2639,
Taymouth Castle Golf Club,https://www.taymouthcastlegolfclub.com/,Perth & Kinross,Aberfeldy,18,2640,
Taynuilt Golf Club,https://taynuiltgolfclub.co.uk/,Argyll & Bute,Argyll,9,2641,
The Irvine Golf Club,https://www.theirvinegolfclub.co.uk,North Ayrshire,Irvine,18,2334,
Thornhill Golf Club,https://www.thornhillgolfclub.co.uk/,Dumfries & Galloway,Thornhill,18,2649,
Thornton Golf Club,https://thorntongolf.com/,Fife,Kirkcaldy,18,2650,
Thurso Golf Club,https://www.thursogolfclub.com/,Highland,Thurso,18,2651,
Tillicoultry Golf Club,http://www.tillicoultrygolfclub.com,Clackmannanshire,Tillicoultry,18,2652,
Tobermory Golf Club,https://tobermorygolfclub.com/,Argyll & Bute,Isle of Mull,18,2653,
Torphins Golf Club,https://www.torphinsgolfclub.co.uk/,Aberdeenshire,AB31 4JU,18,2654,
Torrance House Golf Club,https://torrancehousegc.co.uk/,South Lanarkshire,Glasgow,18,2655,
Torrance Park Golf Club,https://www.torranceparkgolf.co.uk/,North Lanarkshire,Motherwell,18,2656,
Torwoodlee Golf Club,https://www.torwoodleegolfclub.co.uk/,Scottish Borders,Galashiels,18,2657,
Traigh Golf Club,https://www.traighgolf.co.uk/,Highland,Arisaig,18,2658,
Troon St Meddans Golf Club,https://troonstmeddansgolfclub.com/,South Ayrshire,Troon,18,2663,
Troon Welbeck Golf Club,http://www.troonwelbeckgolfclub.com/,South Ayrshire,Troon,18,2664,
Trump International Golf Links,https://www.trumpgolfscotland.com/,Aberdeenshire,Aberdeen,18,2665,
Tulliallan Golf Club,http://www.tulliallangolf.co.uk/,Fife,Alloa,18,2666,
Turnberry Golf Club,https://www.turnberrygolfclub.net/,South Ayrshire,Turnberry,18,2667,
Turnhouse Golf Club Ltd,https://www.turnhousegolfclub.com/,Edinburgh,Edinburgh,18,2669,
Turriff Golf Club,https://www.turriffgolfclub.com/,Aberdeenshire,Turriff,18,2670,
Ullapool Golf Club,http://ullapoolgolfclub.co.uk/,Highland,Ullapool,18,2671,
University of St Andrews Golf Club,https://golf.wp.st-andrews.ac.uk/,Fife,St Andrews,18,2672,
Uphall Golf Club,https://www.uphallgolfclub.com/,West Lothian,Broxburn,18,2673,
Vale of Leven Golf Club,https://volgc.org/,West Dunbartonshire,Alexandria,18,2674,
Vaul Golf Club,https://vaulgolfclub.co.uk/,Argyll & Bute,Isle of Tiree,9,2675,
West Kilbride Golf Club,https://www.westkilbridegolfclub.com/,North Ayrshire,West Kilbride,18,2680,
West Linton Golf Club,https://www.wlgc.co.uk/,Scottish Borders,West Linton,18,2682,
West Lothian Golf Club,https://www.westlothiangc.com/,West Lothian,Linlithgow,18,2683,
Western Gailes Golf Club,https://www.westerngailes.com/,North Ayrshire,Irvine,18,2685,
Westerwood Golf Club,https://www.thewesterwoodhotel.co.uk/golf/,North Lanarkshire,Glasgow,18,2686,
Westhill Golf Club,https://westhillgolf.co.uk/,Aberdeenshire,Westhill,18,2687,
Westray Golf Club,https://westraygolf.org/,Orkney,Orkney,18,2688,
Whalsay Golf Club,http://www.whalsaygolfclub.co.uk/,Shetland,Shetland,18,2690,
Whitecraigs Golf Club,https://whitecraigs.intelligentgolf.co.uk/,East Renfrewshire,Glasgow,18,2691,
Whitehill House Golf Club,https://www.whitehillhousegolf.co.uk/,Midlothian,EH24 9EG,18,2692,
Whiting Bay Golf Club,https://www.whitingbaygolf.com/,North Ayrshire,Isle of Arran,18,2694,
Wick Golf Club,https://www.wickgolfclub.org.uk/,Highland,Wick,18,2695,yes
Wigtown & Bladnoch Golf Club,https://wandbgc.co.uk/,Dumfries & Galloway,Newton Stewart,18,2696,
Wigtownshire County Golf Club,https://wigtownshirecountygolfclub.com/,Dumfries & Galloway,Newton Stewart,18,2697,
Williamwood Golf Club,https://www.williamwoodgc.co.uk/,East Renfrewshire,Glasgow,18,2698,
Windyhill Golf Club,https://windyhillgolfclub.co.uk/,East Dunbartonshire,G61 4QQ,18,2699,
Winterfield Golf Club,https://winterfieldgc.com/,East Lothian,Dunbar,18,2700,
Wishaw Golf Club,https://www.wishawgolfclub.com/,North Lanarkshire,Wishaw,18,2701,
Woll Golf Club,https://www.wollgolf.co.uk/,Scottish Borders,Ashkirk,18,2702,
Woodlands Glencoe Golf Club,https://www.woodlands.scot/golf-course/dragons-tooth-golf-club/,Highland,Ballachulish,9,2187,
