Club Name,Course Name,Website
Aberdour Golf Club,Aberdour Golf Club,https://www.aberdourgolfclub.co.uk
Aberfeldy Golf Club,Aberfeldy Golf Club,https://www.aberfeldy-golfclub.co.uk
Aberfoyle Golf Club,Aberfoyle Golf Club,https://www.aberfoylegolf.co.uk
Abernethy Golf club,Abernethy Golf club,https://www.abernethygolfclub.com
Aboyne Golf Course,Aboyne Golf Course,https://www.aboynegolfclub.co.uk
Aigas Golf Course,Aigas Golf Course,https://aigasgolfcourse.co.uk
Airdrie Golf Club,Airdrie Golf Club,https://www.airdriegolfclub.co.uk
Alford Golf Club,Alford Golf Club,https://www.alfordgolfclub.com
Alloa Golf Club,Schawpark Golf course,https://www.alloagolfclub.co.uk
Alness Golf Club,Alness Golf Club,https://www.alnessgolf.co.uk
Alva Golf Course,Alva Golf Course,https://www.alvagolfclub.co.uk
Alyth Golf Club,Glenisla Golf Course,https://www.alythgolfclub.co.uk/glenisla-course
Alyth Golf Course,Alyth Golf Course,https://www.alythgolfclub.co.uk
Annanhill Golf Club,Annanhill Golf Club,https://annanhillgolfclub.co.uk
Anstruther Golf Club,Anstruther Golf Club,https://www.anstruthergolf.co.uk
Antonine Par 3 Academy Course,Antonine Par 3 Academy Course,https://www.falkirkgolfclub.co.uk
Arbroath Artisan Golf Club,Arbroath Golf Course,https://www.arbroathgolfcourse.co.uk
Archerfield Links,Archerfield Links,https://www.archerfieldgolfclub.com
Ardeer Golf Club,Ardeer Golf Club,https://ardeergolfclub.co.uk
Ardfin Golf Course,Ardfin Golf Course,https://www.ardfin.com/golf
Asta Golf Club,Asta Golf Club,https://www.astagolfcourse.com
Auchenblae Parks Committee,Auchenblae Golf Course,https://www.auchenblaegolfcourse.co.uk
Auchenharvie Golf Course,Auchenharvie Golf Course,https://kaleisure.com/location/auchenharvie-golf-course
Auchmill Golf Course,Auchmill Golf Course,https://auchmillgolfclub.co.uk
Auchterarder Golf Club,Auchterarder Golf Club,https://www.auchterardergolf.co.uk/home
Baberton Golf Course,Baberton Golf Course,https://babertongc.com
Balbirnie Park Golf Club,Balbirnie Park Golf Club,https://www.balbirniegolf.com
Balfron Golf Club,Balfron Golf Club,https://www.balfrongolfsociety.org.uk
Ballindalloch Estate,Ballindalloch Castle Golf Course,https://www.ballindallochcastlegolf.com
Ballochmyle Golf Club,Ballochmyle Golf Club,https://ballochmylegolfclub.com
Ballumbie Castle Golf Course,Ballumbie Castle Golf Course,https://www.ballumbiegolf.co.uk
Balmoral Estate 9-hole golf course,Balmoral Estate 9-hole golf course,https://balmoralcastle.com/visiting/balmoral-estate/golf
Balmore Golf Club,Balmore Golf Club,https://www.balmoregolfclub.co.uk
Balnagask Golf Course,Balnagask Golf Course,https://www.sportaberdeen.co.uk/balnagask
Banchory Golf Club,Banchory Golf Club,https://www.banchorygolfclub.co.uk
Barnard Castle Golf Course,Barnard Castle Golf Course,https://www.barnardcastlegolfclub.org
Barshaw Park Golf Course,Barshaw Park Golf Course,https://www.oneren.org/sport/golf-and-bowling-greens
Bathgate Golf Course,Bathgate Golf Course,https://www.bathgategolfclub.com
Bearsden Golf Club,Bearsden Golf Club,https://bearsdengolfclub.co.uk
Beith Golf Club,Beith Golf Club,https://www.beithgolfclub.co.uk
Bellshill Golf Club,Bellshill Golf Club,https://www.bellshillgolfclub.com
Benbecula Golf Club,Raon Goilf Beinn na Faoghla,https://www.benbeculagolfclub.co.uk
Biggar Golf Club,Biggar Golf Club,https://www.biggargolfclub.co.uk
Billingham Golf Club,Billingham Golf Club,https://www.billinghamgolfclub.com
Bishopbriggs Golf Club,Bishopbriggs Golf Club,http://www.thebishopbriggsgolfclub.com
Bishopshire Golf Club,Bishopshire Golf Club,https://www.bishopshiregolf.club
Blair Atholl Golf Club,Blair Atholl Golf Club,https://www.blairathollgolf.co.uk
Blairgowrie Golf Club,Blairgowrie Golf Club,https://www.theblairgowriegolfclub.co.uk
Blairmore and Strone Golf Club,Blairmore and Strone Golf Club,
Boat of Garten Golf and Tennis Club,Boat of Garten Golf and Tennis Club,https://www.boatgolf.com
"Bonar Bridge, Ardgay Golf Club","Bonar Bridge, Ardgay Golf Club",https://www.bbagc.co.uk
Bonnybridge Golf Club,Bonnybridge Golf Club,http://www.bonnybridgegc.co.uk
Bonnyton Golf Club,Bonnyton Golf Club,https://www.bonnytongolfclub.com
Bothwell Castle Golf Club,Bothwell Castle Golf Club,https://www.bcgolf.co.uk
Braehead Golf Club,Braehead Golf Club,https://www.braeheadgolfclub.co.uk
Braemar Golf Club,Braemar Golf Club,https://www.braemargolfclub.co.uk
Braid Hills Golf Centre,Braid Hills Golf Centre,https://www.braidhillsgolf.co.uk
Braid Hills Golf Course,Braid Hills Golf Course,https://www.edinburghleisure.co.uk/venues/braid-hills-golf-course
Brancumhall Golf Development Centre,Brancumhall Golf Development Centre,https://www.slleisureandculture.co.uk/info/246/brancumhall_golf_development_centre
Brechin Golf Club,Brechin Golf Club,https://www.brechingolfclub.co.uk
Bridge of Allan Golf Club,Bridge of Allan Golf Club,https://www.bofagc.com
Bridgend & District Golf Club,Bridgend & District Golf Club,https://www.bridgendgolfclub.com
Brighouse Bay Golf Club,Brighouse Bay Golf Club,http://www.brighousebay-golfclub.co.uk
Broadlees Golf Course,Broadlees Golf Course,https://www.broadleesgolf.co.uk
Brodick Golf Course,Brodick Golf Course,https://www.brodickgolf.com
Broomieknowe Golf Course,Broomieknowe Golf Course,https://www.broomieknowe.com
Brora Golf Club,Brora Golf Club,https://www.broragolfclub.co.uk
Brown Trout Inn golf course,Brown Trout Inn golf course,https://browntroutinn.com
Bruntsfield Links Golfing Society,Bruntsfield Links,https://www.bruntsfieldlinks.co.uk
Bruntsfield Links Short Hole Golf Course,Bruntsfield Links Short Hole Golf Course,https://www.bruntsfieldshortholegolfclub.co.uk
Buchanan Castle Golf Club,Buchanan Castle Golf Club,https://www.buchanancastlegolfclub.co.uk
Buckpool Golf Club,Buckpool Golf Club,https://buckpoolgolf.com
Burgham Park Golf Club,Burgham Park Golf Club,https://www.burghampark.co.uk
Bute Golf Club,Bute Golf Club,https://www.butegolfclub.com
Calderbraes Golf Club,Calderbraes Golf Club,http://calderbraes-golf-club.co.uk
Caldwell Golf Club,Caldwell Golf Club,https://caldwellgolfclub.com
Callander Golf Club,Callander Golf Club,https://www.callandergolfclub.co.uk
Callendar Park Golf Course,Callendar Park Golf Course,
Cally Palace Hotel & Golf Course,Cally Palace Hotel & Golf Course,https://www.mcmillanhotels.co.uk/hotels/cally-palace-hotel/golf-at-cally-palace
Cambuslang Golf Club,Cambuslang Golf Club,https://cambuslanggolf.co.uk
Campsie Golf Club,Campsie Golf Club,https://www.campsiegolfclub.com
Canmore Golf Club,Canmore Golf Club,https://www.canmoregolfclub.co.uk
Caprington Golf Club,Caprington Golf Club,https://www.capringtongolfclub.com
Cardross Golf Club,Cardross Golf Club,http://www.cardross.com
Carluke Golf Club,Carluke Golf Club,https://www.carlukegolfclub.com
Carnoustie Golf Links,The Carnoustie Buddon Course,https://www.carnoustiegolflinks.com/
Carnoustie Golf Links,The Carnoustie Burnside Course,https://www.carnoustiegolflinks.com/
Carnoustie Golf Links,The Carnoustie Championship Course,https://www.carnoustiegolflinks.com/
Carnwath Golf Club,Carnwath Golf Club,https://www.carnwathgc.co.uk
Carradale Golf Course,Carradale Golf Course,https://www.carradalegolf.com
Carrbridge Golf Club,Carrbridge Golf Club,https://carrbridgegolf.co.uk
Carrick Knowe Golf Club,Carrick Knowe Golf Club,https://www.carrickvalegolfclub.co.uk
Castle Douglas Golf Club,Castle Douglas Golf Club,https://www.cdgolfclub.co.uk
Castle Eden Golf Club,Castle Eden Golf Club,https://www.castleedengolfclub.co.uk
Castle Park Golf Course,Castle Park Golf Course,https://www.castleparkgolfclub.co.uk
Castle Stuart Golf Links,Castle Stuart Golf Links,https://www.castlestuartgolf.com
Cathcart Castle Golf Course,Cathcart Castle Golf Course,https://www.cathcartcastle.net
Cathkin Braes Golf Club,Cathkin Braes Golf Club,https://cathkinbraesgolfclub.co.uk
Cawder Golf Club,Cawder Golf Club,https://www.cawdergolfclub.com
Cawdor Castle Golf Club,Cawdor Castle Golf Club,https://www.cawdorcastle.com/golf/index.cfm
Charleton Golf Club,Charleton Golf Club,https://charleton.co.uk
Cleveland Golf Club,Cleveland Golf Club,https://www.clevelandgolfclub.co.uk
Clober Golf Club,Clober Golf Club,https://www.clobergolfclub.co.uk
Cluba-goilf Steòrnabhaigh (Stornoway Golf Club),Raon Goilf Steòrnabhaigh,https://www.stornowaygolfclub.co.uk
Cluny Activities,Cluny Golf,https://www.clunyactivities.co.uk/golf
Clydebank & District Golf Course,Clydebank & District Golf Course,https://www.clydebankdgc.co.uk
Cochrane Castle Golf Club,Cochrane Castle Golf Club,https://cochranecastle.com
Cocken Lodge Golf Course,Cocken Lodge Golf Course,https://cockenlodgegolf.my.canva.site/cocken-website
Colonsay Golf Club,Colonsay Golf Club,https://www.colonsay.org.uk/Things-to-Do/Golf
Colvend Golf Club,Colvend Golf Club,https://www.colvendgolfclub.co.uk
Colville Park Golf Course,Colville Park Golf Course,https://colvilleparkgc.co.uk
Comann Goilf na Hearadh,Comann Goilf na Hearadh,https://www.harrisgolf.com
Comrie Golf Course,Comrie Golf Course,https://www.comriegolf.co.uk
Comunn Goilf Bharraidh,Comunn Goilf Bharraidh,https://isleofbarra.com/barragolfclub.htm
Corrie Golf Club,Corrie Golf Club,https://www.golfonarran.com
Covesea Links,Covesea Links,https://covesealinks.com
Cowal Golf Club,Cowal Golf Club,https://www.cowalgolfclub.online
Cowglen Golf Club,Cowglen Golf Club,https://www.cowglengolfclub.co.uk
Craggan Golf Course,Craggan Golf Course,https://www.cairngormsactivities.co.uk/golf
Craibstone Golf Course,Craibstone Golf Course,https://www.marshall-leisure.co.uk
Craigentinny Golf Course,Craigentinny Golf Course,https://www.edinburghleisure.co.uk/venues/craigentinny-golf-course
Craigie Hill Golf Course,Craigie Hill Golf Course,https://www.craigiehill.co.uk
Craigielaw Golf Club,Craigielaw Golf Club,https://www.craigielawgolfclub.com
Craigielaw Golf Course,Craigielaw Golf Course,https://www.craigielawgolfclub.com
Craigknowes Golf Course,Craigknowes Golf Course,https://www.facebook.com/p/Craigieknowes-Golf-course-61573624352340/
Craigmillar Park Golf Club,Craigmillar Park Golf Club,https://www.craigmillarpark.co.uk
Craignure Golf Club,Craignure Golf Club,https://craignuregolfclub.co.uk
Craigtoun Country Park,Craigtoun Country Park Course,https://www.friendsofcraigtoun.org.uk/attractions/park-golf
Crail Golf Society,Balcomie Links,https://crailgolfingsociety.co.uk/golf/balcomie-links
Crail Golfing Society,Craighead Links,https://crailgolfingsociety.co.uk/golf/craighead-links
Crichton Golf Club,Crichton Golf Club,https://www.crichtongolfclub.com
Crieff Golf Club,Crieff Golf Club,https://crieffgolf.co.uk
Crieff Hydro Golf Course,Crieff Hydro Golf Course,https://www.crieffhydro.com/
Crow Wood Golf Club,Crow Wood Golf Club,https://www.crowwoodgolfclub.co.uk
Cruden Bay Golf Club,Cruden Bay Golf Club,https://www.crudenbaygolfclub.co.uk
Cullen Golf Club,Cullen Golf Club,https://www.cullengolfclub.co.uk
Cupar Golf Club,Cupar Golf Club,https://www.cupargolfclub.co.uk
Dalbeattie Golf Club,Dalbeattie Golf Club,https://www.dalbeattiegolfclub.co.uk
Dalmahoy Hotel & Country Club,East Course,https://www.dalmahoyhotelandcountryclub.co.uk
Dalmahoy Hotel & Country Club,West Course,https://www.dalmahoyhotelandcountryclub.co.uk
Dalmally Golf Club,Dalmally Golf Club,https://www.dalmallygolfclub.co.uk
Dalmilling Golf Course,Dalmilling Golf Course,https://www.golfsouthayrshire.com/play/the-courses/dalmiling
Dalmuir Municipal Golf Course,Dalmuir Municipal Golf Course,https://www.west-dunbarton.gov.uk/leisure-parks-events/dalmuir-golf-course
Dalziel Golf Course,Dalziel Golf Course,https://dalzielpark.co.uk/golf
David Lloyd Rouken Glen Golf Club,David Lloyd Rouken Glen Golf Club,https://www.davidlloyd.co.uk/clubs/glasgow-rouken-glen/at-glasgow-rouken-glen/golf
Deer Park,Deer Park,https://www.deer-park.co.uk
Deeside Golf Club,Deeside Golf Club,https://www.deesidegolfclub.com
Dodhead Golf Course,Dodhead Golf Course,https://www.burntislandgolfhouseclub.co.uk
Dollar Golf Club,Dollar Golf Club,https://www.dollargolfclub.com
Dougalston Golf Course,Dougalston Golf Course,https://www.dougalstongolfclub.co.uk/contact
Douglas Park Golf Club,Douglas Park Golf Club,https://www.douglasparkgolfclub.co.uk
Douglas Water Golf Course,Douglas Water Golf Course,https://www.facebook.com/DWGClub/
Downfield Golf Club,Downfield,https://www.downfieldgolf.com
Dragon's Tooth Golf Club,Dragon's Tooth Golf Club,http://www.dragonstooth.co.uk
Drimsynie Estate Golf Course Lochgoilhead,Drimsynie Estate Golf Course Lochgoilhead,https://www.argyllholidays.com/parks/drimsynie-estate-holiday-village
Drumoig Golf Centre,Drumoig Golf Centre,http://www.drumoiggolfcentre.co.uk
Drumoig Golf Hotel,Drumoig Golf Course,https://www.drumoiggolfhotel.com
Drumpellier Golf Course,Drumpellier Golf Course,http://www.drumpelliergolf.co.uk
Duddingston Golf Course,Duddingston Golf Course,https://www.duddingstongolfclub.co.uk
Duff House Royal Golf Club,Duff House Royal Golf Club,https://www.duffhouseroyal.com
Dufftown Golf Club,Dufftown Golf Club,https://dufftowngolfclub.com
Dullatur Golf Course,Dullatur Golf Course,https://www.dullaturgolf.com
Dumbarnie Links,Dumbarnie Links,https://dumbarnielinks.com
Dumbarton Golf Club,Dumbarton Golf Club,https://dumbartongolfclub.co.uk
Dumfries and Galloway Golf Course,Dumfries and Galloway Golf Course,https://www.dandggolfclub.co.uk
Dunaverty Golf Club,Dunaverty Golf Club,http://www.dunavertygolfclub.com
Dunbar Golf Club,Dunbar Golf Club,https://www.dunbargolfclub.com
Dunblane New Golf Club,Dunblane New Golf Club,https://www.dngc.co.uk
Dundas Parks Golf Club,Dundas Parks Golf Club,https://www.dundasparksgolf.co.uk
Dundonald Links,Dundonald Links,https://www.dundonaldlinks.com
Dunecht House Golf Club,Dunecht House Golf Club,https://www.dunechthousegolfclub.co.uk
Dunes Golf Centre,Dunes Golf Centre,https://dunesgolfcentre.co.uk
Dunfermline Golf Club,Halkett Course,https://dunfermlinegolfclub.com/
Dunfermline Golf Club,Pitfarrane Course,https://www.dunfermlinegolfclub.com
Dunkeld and Birnam Golf Club,Dunkeld and Birnam Golf Club,https://www.dunkeldandbirnamgolfclub.co.uk
Dunning Golf Club,Dunning Golf Club,https://www.dunninggolfclub.co.uk
Duns Golf Course,Duns Golf Course,https://www.dunsgolfclub.com
Durness Golf Club,Durness Golf Club,https://www.durnessgolfclub.org
Earl of Mar Golf Course,Earl of Mar Golf Course,https://www.marhall.com/golf
East Kilbride Golf Club,East Kilbride Golf Club,https://www.ekgolfclub.com
East Renfrewshire Golf Club,East Renfrewshire Golf Club,https://www.eastrengolfclub.co.uk
Easter Moffat Golf Club,Easter Moffat Golf Club,https://www.emgc.org.uk
Eastwood Golf Course,Eastwood Golf Course,https://www.eastwoodgolfclub.co.uk
Eden Golf Club,Eden Golf Club,https://www.edengolf.co.uk
Edzell Golf Club,Edzell Golf Club,https://www.edzellgolfclub.com
Elderslie Golf Club,Elderslie Golf Club,https://eldersliegolfclub.com
Elgin Golf Club,Elgin Golf Club,https://www.elgingolfclub.com
Elie Sports Club,The Baird Course,https://www.eliesportsclub.co.uk/golf
Elmwood Golf Course,Elmwood Golf Course,https://www.elmwoodgolf.co.uk
Erskine Golf Club,Erskine Golf Club,https://www.erskinegolfclublimited.co.uk
Eyemouth Golf Club,Eyemouth Golf Club,https://www.eyemouthgolfclub.co.uk
Fair Isle Lighthouse Keeper's Golf Course,Fair Isle Lighthouse Keeper's Golf Course,https://fair-isle.blogspot.com/p/golf.html
Fairmont St Andrews,Kittocks Course,https://www.standrewsbay.com
Fairmont St Andrews,Torrance Course,https://www.standrewsbay.com
Fairways Loch Ness Golf Club,Fairways Loch Ness Golf Club,http://www.golflochness.com
Falkirk Golf Club,Falkirk Golf Club,https://www.falkirkgolfclub.co.uk
Falkirk Tryst Golf Club,Falkirk Tryst Golf Club,https://www.falkirktrystgolfclub.com
Falkland Golf Club,Falkland Golf Club,https://www.falklandgolfclub.com
Feddinch Mains,Feddinch Mains,https://amgolf.consultationonline.co.uk
Fereneze Golf Club,Fereneze Golf Club,https://www.ferenezegolfclub.org
Fife Golf Trust,2019 Course,https://fifegolftrust.co.uk/dunnikier-golf-course
Fife Golf Trust,Auchterderran Golf Course,https://fifegolftrust.co.uk/auchterderran-golf-course
Fife Golf Trust,Cowdenbeath Golf Course,https://cowdenbeath-golfclub.com
Fife Golf Trust,Dunnikier Park Golf Course,https://fifegolftrust.co.uk/dunnikier-golf-course
Fife Golf Trust,Kinghorn Golf Course,https://www.fifegolftrust.co.uk/our-courses/kinghorn
Fife Golf Trust,Lochore Meadow Golf Course,https://www.fifegolftrust.co.uk/our-courses/lochore-meadows
Fife Golf Trust,Scoonie Golf Course,https://www.scooniegolfclub.com/https://fifegolftrust.co.uk/scoonie-golf-course
Fitzsimmons Group,Riverside Lodge Hotel Irvine Golf Course,https://fitzsimmonsgroup.co.uk/riverside-lodge-hotel/
Forbes of Kingennie Golf Course,Forbes of Kingennie Golf Course,https://forbesofkingennie.co.uk
Forfar Golf Club,Forfar Golf Club,https://www.forfargolfclub.co.uk
Forres Golf Club,Forres Golf Club,https://forresgolfclub.co.uk
Forrester Park Golf Course,Forrester Park Golf Course,https://www.forresterparkresort.com
Fort Augustus Golf Club,Fort Augustus Golf Club,
Fortrose & Rosemarkie Golf Club,Fortrose & Rosemarkie Golf Club,https://www.fortrosegolfclub.co.uk
Foulford Inn Golf Course,Foulford Inn Golf Course,https://foulfordinn.co.uk
Foyle Golf Club,Foyle Golf Club,https://www.foylegolfcentre.co.uk
Fraserburgh Golf Club,Fraserburgh Golf Club,https://fraserburghgolfclub.org
Gairloch Golf Club,Gairloch Golf Club,https://gairlochgolfclub.co.uk
Galashiels Golf Course,Galashiels Golf Course,https://www.galashielsgolfclub.co.uk
Garmouth & Kingston Golf Course,Garmouth & Kingston Golf Course,http://garmouthkingstongolfclub.com
George Washington Hotel Golf and Spa,George Washington Hotel Golf and Spa,https://www.georgewashington.co.uk/contact
Gifford Golf Club,Gifford Golf Club,https://www.giffordgolfclub.com
Gigha Golf Club,Gigha Golf Club,https://www.visitgigha.co.uk/Golf
Girvan,Girvan,https://www.girvangolf.com
Glasgow Golf Club (Killermont Course),Glasgow Golf Club (Killermont Course),https://www.glasgowgolfclub.com/killermont.asp
Glasgow Golf Club / Gailes Links,Glasgow Golf Club / Gailes Links,https://www.gaileslinks.co.uk
Glasgow Life,Littlehill Golf Course,https://www.glasgowlife.org.uk/sport/venues/littlehill-golf-club
Gleddoch Golf and Spa Resort,Gleddoch Golf and Spa Resort,https://www.gleddoch.com/golf
Glen Golf Club,Glen Golf Club,https://www.glengolfclub.co.uk
Glenalmond College Golf Course,Glenalmond College Golf Course,https://www.glenalmondcollege.co.uk/co-curricular/sports/golf-school
Glenbervie Golf Course,Glenbervie Golf Course,https://www.glenberviegolfclub.com
Glencorse Golf Club,Glencorse Golf Club,https://www.glencorsegolfclub.com
Glencruitten Golf Club,Glencruitten Golf Club,https://www.golfoban.com
Gleneagles Golf Resort,Gleneagles Golf Resort,https://www.gleneagles.com/golf
Glenrothes Golf Course,Glenrothes Golf Course,http://www.glenrothesgolf.org.uk
Gogarburn Golf Course,Gogarburn Golf Course,https://www.gogarburngc.com
Golf at Roe Valley,Golf at Roe Valley,https://www.roevalleyresort.com
Golspie Golf Club,Golspie Golf Club,https://www.golspiegolfclub.co.uk
Gordonstoun School,Gordonstoun Golf Course,https://www.gordonstoun.org.uk/
Gourock Golf Club,Gourock Golf Club,https://www.gourockgolfclub.com
Grangemouth Golf Club,Grangemouth Golf Club,https://www.grangemouthgolfclub.co.uk
Grantown-On-Spey Golf Club,Grantown-On-Spey Golf Club,http://www.grantownonspeygolfclub.co.uk
Greenburn Golf Club,Greenburn Golf Course,https://www.greenburngolfclub.co.uk
Greenock Golf Club,Greenock Golf Club,https://greenockgolfclub.co.uk
Gullane Golf Club,Gullane Golf Club,https://gullanegolfclub.com
Guthrie Castle,Guthrie Castle Golf Course,http://www.guthriecastle.com/tour-the-castle-scottish-event-venue/golf-course
Haddington Golf Course,Haddington Golf Course,https://www.haddingtongolf.co.uk
Haggerston Castle Golf Course,Haggerston Castle Golf Course,https://haggerstongolf.co.uk
Haggs Castle Golf Course,Haggs Castle Golf Course,https://haggscastlegolfclub.com
Hamilton Golf Club,Hamilton Golf Club,https://www.hamiltongolfclub.co.uk
Harburn Golf Club,Harburn Golf Club,https://harburngolfclub.co.uk
Hawick Golf Course,Hawick Golf Course,https://www.hawickgolfclub.com
Hayston Golf Club,Hayston Golf Club,https://www.haystongolf.com
Hazlehead Golf Course,Hazlehead Golf Course,https://www.sportaberdeen.co.uk/hazlehead
Heads of Ayr Golf Course,Heads of Ayr Golf Course,https://headsofayr.com/things-to-do/golf/
Helensburgh Golf Club,Helensburgh Golf Club,https://www.helensburghgolfclub.co.uk
Helmsdale Community Golf Club,Helmsdale Community Golf Club,http://www.helmsdale.org/golf.html
Hilton Park Golf Club,Hilton Park Golf Club,https://www.hiltonpark.net
Hoddom Castle Caravan Site golf course,Hoddom Castle Caravan Site golf course,https://www.hoddomcastle.co.uk
Hollandbush Golf Course,Hollandbush Golf Course,https://www.hollandbushgolfclub.co.uk
Hopeman Golf Club,Hopeman Golf Club,http://www.hopemangc.co.uk
Huntly Golf Club,Huntly Golf Club,https://www.huntlygolfclub.com
iLactive,Whinhill Golf Course,https://ilactivegolf.com
Inchmarlo Golf Resort,Inchmarlo Golf Resort,https://www.inchmarlogolf.co.uk
Ineos Golf Club,Ineos Golf Club,https://ineosgolfclub.webs.com
Innerleithen Golf Club,Innerleithen Golf Club,https://www.innerleithengolf.co.uk
Insch Golf Club,Insch Golf Club,https://www.inschgolfclub.co.uk
Inverallochy Golf Club,Inverallochy Golf Club,https://www.inverallochygolfclub.com
Inveraray Golf Club,Inveraray Golf Club,
Invergordon Golf Club,Invergordon Golf Club,https://invergordongolf.co.uk
Inverness Golf Club,Inverness Golf Club,https://www.invernessgolfclub.co.uk
Inverurie Golf Club,Inverurie Golf Club,https://www.inveruriegolfclub.co.uk
Iona Golf Course,Iona Golf Course,
Irvine Golf Club,Irvine Golf Club,https://www.theirvinegolfclub.co.uk
Irvine Ravenspark Golf Club,Irvine Ravenspark Golf Club,https://www.irgc.co.uk
Isle of Eriska Golf Club,Isle of Eriska Golf Club,https://www.eriska-hotel.co.uk/
Isle of Skye Golf Club,Isle of Skye Golf Club,https://www.isleofskyegolfclub.co.uk
Jedburgh Golf Course,Jedburgh Golf Course,https://www.jedburghgolfclub.co.uk
Keith Golf Club,Keith Golf Club,http://www.keithgolfclub.co.uk
Kelso Golf Club,Kelso Golf Club,https://www.kelsogolfclub.co.uk
Kemnay Golf Club,Kemnay Golf Club,https://www.kemnaygolfclub.co.uk
Kenmay Golf Course,Beechbank 6-hole course,https://www.kemnaygolfclub.co.uk/copy-of-championship-course
Kilbirnie Place Golf Club,Kilbirnie Place Golf Club,https://www.kilbirnieplacegc.co.uk
Killin Golf Club,Killin Golf Club,https://www.killingolfclub.co.uk
Killymoon Golf Club,Killymoon Golf Club,https://www.killymoongolfclub.com
Kilmacolm Golf Club,Kilmacolm Golf Club,https://www.kilmacolmgolfclub.com
Kilmarnock Golf Club Barassie Links,Kilmarnock Golf Club Barassie Links,https://www.kbgc.co.uk
Kilrea Golf Course,Kilrea Golf Course,https://kilreagolfclub.com
Kilspindie Golf Club,Kilspindie Golf Club,http://kilspindiegolfclub.co.uk
Kilsyth Lennox Golfcouse,Kilsyth Lennox Golfcouse,https://www.kilsythlennox.com
King James VI Golf Club,King James VI Golf Club,https://www.kingjamesvi.co.uk
King's Acre Golf Course,King's Acre Golf Course,https://www.kings-acregolf.com
King's Golf Club,King's Golf Club,https://www.kingsgolfclubinverness.co.uk
Kings Links Golf Course,Kings Links Golf Course,https://www.sportaberdeen.co.uk/kings-links
Kingsbarns Golf Links,Kingsbarns Golf Links,https://www.kingsbarns.com
Kingsfield Golf Course,Kingsfield Golf Course,https://www.kingsfieldgolf.com
Kingsknowe Golf Course,Kingsknowe Golf Course,https://www.kingsknowe.com
Kingussie Golf Club,Kingussie Golf Club,https://kingussiegolfclub.co.uk
Kinross Golf Club (Green Hotel),The Bruce,https://www.kinrossgolfclub.co.uk/
Kinross Golf Club (Green Hotel),The Montgomery,https://www.kinrossgolfclub.co.uk/
Kintore Golf Club,Kintore Golf Club,https://www.kintoregolfclub.net
Kippie Lodge Sports & Leisure,Kippie Lodge Sports & Leisure,http://www.kippielodge.com/sports
Kirkcaldy Golf Club,Kirkcaldy Golf Club,https://kirkcaldygolfclub.co.uk
Kirkcudbright Golf Course,Kirkcudbright Golf Course,https://www.kirkcudbrightgolf.co.uk
Kirkhill Golf Club,Kirkhill Golf Club,https://www.kirkhillgolfclub.org.uk
Kirkintilloch Golf Club,Kirkintilloch Golf Club,https://www.kirkintillochgolfclub.com
Kirriemuir Golf Club,Kirriemuir,https://www.kirriemuirgolfclub.co.uk
Knightswood Golf Course,Knightswood Golf Course,https://www.glasgowlife.org.uk/sport/our-facilities/golfcourses/knightswood-golf-course
Kyles of Bute Golf Club,Kyles of Bute Golf Club,https://www.kylesofbutegolfclub.co.uk
Ladybank Golf Club,Wee Course,https://ladybankgolf.co.uk/
Lamlash Golf Club,Lamlash Golf Club,https://www.lamlashgolfclub.com
Lanark Golf Club,Lanark Golf Club,https://www.lanarkgolfclub.co.uk
Langholm Golf Club,Langholm Golf Club,https://www.langholmgolfclub.co.uk
Langlands Golf Club,Langlands Golf Club,https://www.langlandsgolfclub.co.uk
Largs Golf Course,Largs Golf Course,https://www.largsgolfclub.co.uk
Lauder Golf Club,Lauder Golf Club,https://lauder.golf-club.website/website
Leadhills Golf Course,Leadhills Golf Course,https://www.leadhillsgolfclub.com
Lenzie Golf Club,Lenzie Golf Club,https://www.lenziegolfclub.co.uk
Leslie Golf Club,Leslie Golf Club,https://www.lesliegolfclub.co.uk
Letham Grange Golf Club,Glens Course,https://www.lethamgrangegolfclub.co.uk/
Leven Links,Leven Links Golf Course,https://www.leven-links.com
Liberton Golf Course,Liberton Golf Course,https://www.libertongc.co.uk
Lilliesleaf Golf Course,Lilliesleaf Golf Course,https://www.dimpleknowe.co.uk/
Linlithgow Golf Club,Linlithgow Golf Club,https://www.linlithgowgolf.co.uk
Loch Lomond Golf Course,Loch Lomond Golf Course,https://www.lochlomond.com
Loch of Aboyne Golf Course,Loch of Aboyne Golf Course,
Loch View Golf Course,Loch View Golf Course,https://www.activenl.co.uk/venue-finder/venues-3/lochview-family-golf-centre
Lochcarron Golf Course,Lochcarron Golf Course,https://lochcarrongolfclub.co.uk
Lochgelly Golf Club,Lochgelly Golf Club,https://www.lochgellygolfclub.co.uk
Lochgilphead Golf Club,Lochgilphead Golf Club,https://www.lochgilpheadgolfclub.co.uk
Lochmaben Golf Club,Lochmaben Golf Club,https://www.lochmabengolf.co.uk
Lochranza Golf Course,Lochranza Golf Course,http://www.lochranzagolf.com
Lochview Family Golf Centre,Lochview Family Golf Centre,https://www.activenl.co.uk/lochview-family-golf-centre
Lochwinnoch Golf Club,Lochwinnoch Golf Club,https://www.lochwinnochgolf.co.uk
Lockerbie Golf Club,Lockerbie Golf Club,http://www.lockerbiegolf.co.uk
Longniddry Golf Course,Longniddry Golf Course,https://www.longniddrygolfclub.co.uk
Longside Golf Club,Longside Golf Club,https://longsidegolfclub.co.uk
Loudoun Gowf Club,Loudoun Gowf Club,https://www.loudoungowfclub.co.uk
Luffness New Golf Club,Luffness New Golf Club,https://www.luffnessnew.com
Lumphanan Golf Course,Lumphanan Golf Course,https://www.lumphanangolfclub.co.uk
Lundin Golf Club,Lundin Golf Club,https://www.lundingolfclub.co.uk
Lundin Ladies Golf Club,Lundin Ladies Golf Club,http://www.lundinladiesgolfclub.co.uk
Lybster Golf Club,Lybster Golf Club,https://lybstergolfclub.co.uk
Macdonald Cardrona,Macdonald Cardrona Hotel Golf Course,https://www.macdonaldhotels.co.uk/cardrona/golf
Macdonald Spey Valley Championship Golf Course,Macdonald Spey Valley Championship Golf Course,https://www.macdonaldhotels.co.uk/spey-valley/golf
Machrie Bay Golf Course,Machrie Bay Golf Course,https://machriebay.com
Machrihanish Dunes Golf Course,Machrihanish Dunes Golf Course,http://www.machrihanishdunes.com
Machrihanish Links,Machrihanish Links,https://www.machgolf.com
Mains of Taymouth Golf Course,Mains of Taymouth Golf Course,https://www.taymouth.co.uk/on-site-facilities/kenmore-golf-course.htm
Maverston Golf Course,Maverston Golf Course,https://www.maverstongolf.com
Maybole Golf Course,Maybole Golf Course,https://www.maybolegolf.com
McDonald Golf Course,McDonald Golf Course,https://www.ellongolfclub.co.uk
Mearns Castle Golf Academy,Mearns Castle Golf Academy,https://mcgolfacademy.co.uk
Meldrum House Golf Course,Meldrum House Golf Course,https://www.meldrumhouse.com/golf
Meldrum House Teaching Academy course,Meldrum House Teaching Academy course,https://www.meldrumhouse.com/golf/teaching-academy
Melrose Golf Club,Melrose Golf Club,https://melrosegolfclub.co.uk
Melville Golf Course,Melville Golf Course,https://www.melvillegolf.com
Merchants of Edinburgh Golf Club,Merchants of Edinburgh Golf Club,https://www.merchantsgolf.com
Millport Golf Course,Millport Golf Course,https://Millport Golf Course
Milnathort Golf Club,Milnathort Golf Club,https://www.milnathortgolfclub.co.uk
Milngavie Golf Club,Milngavie Golf Club,https://www.milngaviegolfclub.co.uk
Minto Golf Course,Minto Golf Course,https://www.mintogolf.co.uk
Moffat Golf Course,Moffat Golf Course,https://www.moffatgolfclub.co.uk
Monifieth Golf Links,Ashludie Course,https://monifiethgolf.co.uk
Monifieth Golf Links,Medal Course,https://monifiethgolf.co.uk
Monksford House Golf Course,Monksford House Golf Course,
Montrose Golf Links,Montrose Golf Links,https://montrosegolflinks.com
Moray Golf Club,Moray Golf Club,https://www.moraygolf.co.uk
Mortonhall Golf Club,Mortonhall Golf Course,https://www.mortonhallgc.co.uk
Muckhart Golf Club,Arndean,https://www.muckhartgolf.com
Muckhart Golf Club,Cowden,https://www.muckhartgolf.com
Muckhart Golf Club,Naemoor,https://www.muckhartgolf.com
Muir of Ord Golf Club,Muir of Ord Golf Club,https://www.muirofordgolfclub.co.uk
Muirfield,Muirfield,https://www.muirfield.org.uk
Muirkirk Golf Club,Muirkirk Golf Club,https://www.muirkirk.org.uk/muirkirk-community-information/muirkirk-golf-club/
Murcar Links Golf Club,Murcar Links Golf Club,https://murcarlinks.com
Murrayfield Golf Course,Murrayfield Golf Course,https://www.murrayfieldgolfclub.co.uk
Murrayshall Country Estate,Lynedoch Course,https://www.murrayshall.co.uk
Murrayshall Country Estate,Murrayshall Course,https://www.murrayshall.co.uk
Musselburgh Golf Course,Musselburgh Golf Course,https://www.themusselburghgolfclub.com
"Musselburgh Links, The Old Golf Course","Musselburgh Links, The Old Golf Course",http://www.musselburgholdlinks.co.uk
Nairn Dunbar Golf Course,Nairn Dunbar Golf Course,https://www.nairndunbar.com
Nairn Golf Club,Nairn Golf Club,https://nairngolfclub.co.uk
New Cumnock Golf Course,New Cumnock Golf Course,https://members.tripod.com/bob_newcumnock/golf/welcomex.html
New Galloway Golf Club,New Galloway Golf Club,https://newgallowaygolfclub.com
Newbattle Golf Club,Newbattle Golf Club,https://newbattlegolfclub.com
Newburgh Golf Club,Newburgh Golf Club,https://www.newburghgolfclub.co.uk
Newcastle United Golf Club,Newcastle United Golf Club,https://www.newcastleunitedgolfclub.co.uk
Newcastleton Golf Course,Newcastleton Golf Course,https://www.visitnewcastleton.com/content/newcastleton-golf-club
Newmachar Golf Club,Newmachar Golf Club,https://www.newmachargolfclub.co.uk
Newton Stewart Golf Club,Newton Stewart Golf Club,https://www.newtonstewartgolfclub.co.uk
Newtonmore Golf Club,Newtonmore Golf Club,https://www.newtonmoregolf.com
Newtownstewart Golf Club,Newtownstewart Golf Club,https://www.newtownstewartgolfclub.com
Niddry Castle Golf Club,Niddry Castle Golf Course,https://www.niddrycastlegolfclub.co.uk
North Gailes Golf Centre,North Gailes Golf Centre,http://www.northgailes.co.uk/golf.html
North Ronaldsay Golf Course,North Ronaldsay Golf Course,https://northronaldsaytrust.com/2017/06/09/18-hole-golf-course-project
Nunfield Golf Course,Nunfield Golf Course,https://www.thecounty.co.uk
Oatridge Golf Course,Oatridge Golf Course,https://www.facebook.com/OatridgeGolf
Ochil Developments,gWest golf course,https://www.gwest.co.uk/golf.php
Old Course Ranfurly Golf Club,Old Course Ranfurly Golf Club,http://www.oldranfurly.com
Oldmeldrum Golf Club,Oldmeldrum Golf Club,https://www.oldmeldrumgolf.co.uk
Orkney Golf Club,Orkney Golf Club,https://orkneygolfclub.co.uk
Paisley Golf Club,Paisley Golf Club,https://paisleygolfclub.com
Palacerigg Golf Club,Palacerigg Golf Club,http://www.palacerigggolfclub.co.uk
Panmure Golf Club,Panmure Links,https://www.panmuregolfclub.co.uk
Paul Lawrie Golf Centre,Paul Lawrie Golf Centre,https://www.paullawriegolfcentre.co.uk
Peebles Golf Club,Peebles Golf Club,https://www.peeblesgolfclub.com
Percy Wood Country Park,Percy Wood Country Park,https://www.percywood.co.uk
Perth & Kinross Council,North Inch Golf Course,https://www.northinchgolf.co.uk
Peterculter Golf Club,Peterculter Golf Club,https://www.petercultergolfclub.co.uk
Peterhead Golf Club,Craigewan Course,https://www.peterheadgolfclub.co.uk/course/craigewan-course
Peterhead Golf Club,New Course,https://www.peterheadgolfclub.co.uk/course/new-course
Piperdam Golf & Leisure Resort,Piperdam Golf & Leisure Resort,https://www.landal.co.uk/parks/piperdam?gclsrc=aw.ds&gad_source=1#filter:eyJhttps://www.landal.co.uk/parks/piperdamzIjoiMyJ9
Pitlochry Golf Course,Pitlochry Golf Course,https://www.pitlochrygolf.co.uk
Pitreavie Golf Club,Pitreavie Golf Club,https://www.pitreaviegolfclub.co.uk
Pollok Golf Course,Pollok Golf Course,https://www.pollokgolf.com
Polmont Golf Club,Polmont Golf Club,http://www.polmontgolfclub.co.uk
Port Bannatyne Golf Club,Port Bannatyne Golf Club,http://portbannatynegolfclub.co.uk
Port Glasgow Golf Club,Port Glasgow Golf Club,https://www.portglasgowgolfclub.co.uk
Portlethen Golf Club,Portlethen Golf Club,https://www.portlethengolfclub.com
Portmahomack Golf Club,Portmahomack Golf Club,https://portmahomackgolfclub.com
Portobello Golf Course,Portobello Golf Course,https://www.edinburghleisure.co.uk/venues/portobello-golf-course
Portpatrick Dunskey Golf Club,Portpatrick Dunskey Golf Club,https://www.portpatrickgolfclub.com
Practise area,Practise area,https://www.stirlinggolfclub.com
Prestonfield Golf Course,Prestonfield Golf Course,https://www.prestonfieldgolf.co.uk
Prestwick Golf Club,Prestwick Golf Club,https://www.prestwickgc.co.uk
Pumpherston Golf Club,Pumpherston Golf Club,https://www.pumpherstongolfclub.co.uk
Ralston Golf Course,Ralston Golf Course,https://www.ralstongolfclub.com
Ranfurly Castle Golf Club,Ranfurly Castle Golf Club,https://www.ranfurlycastlegolfclub.co.uk
Raon Goilf Aisgernis,Raon Goilf Aisgernis,https://askernishgolfclub.com
Ratho Park Golf Club,Ratho Park Golf Club,https://www.rathoparkgolfclub.co.uk
Ravelston Golf Course,Ravelston Golf Course,https://www.ravelstongolfclub.co.uk
Reay Golf Course,Reay Golf Course,https://reaygolfclub.com
Renfrew Golf Course,Renfrew Golf Course,https://www.renfrewgolfclub.net
Roodlea Golf Course,Roodlea Golf Course,http://www.roodleagolf.co.uk
Rosehearty Golf Club,Rosehearty Golf Club,https://www.roseheartygolfclub.com
Rothes Golf Course,Rothes Golf Course,https://www.rothesgolfclub.co.uk
Rothesay Golf Club,Rothesay Golf Club,https://www.rothesaygolfclub.co.uk
Routenburn Golf Club,Routenburn Golf Club,https://www.routenburngolfclub.co.uk
Rowallan Castle Golf Course,Rowallan Castle Golf Course,https://rowallancastle.com/rowallan-championship-golf-course-ayrshire
Roxburghe Hotel & Golf Course,Roxburghe Hotel & Golf Course,http://www.roxburghe.net/golf-course
Royal Aberdeen Golf Club,Royal Aberdeen Golf Club,https://www.royalaberdeengolf.com
Royal Dornoch Golf Club,Championship Course,https://www.royaldornoch.com
Royal Dornoch Golf Club,Struie Course,https://royaldornoch.com/struie-course
Royal Musselburgh Golf Course,Royal Musselburgh Golf Course,https://www.royalmusselburgh.co.uk
Royal Tarlair Golf Club,Royal Tarlair Golf Club,https://royaltarlair.co.uk
Royal Troon Golf Club,Old Course,https://www.royaltroon.co.uk/the-courses/old-course
Royal Troon Golf Club,Portland Course,https://www.royaltroon.co.uk/the-courses/portland-course
Ruchill Park Golf Course,Ruchill Park Golf Course,https://www.glasgowlife.org.uk/sport/our-facilities/golfcourses/ruchill-golf-course
Rutherford Castle Golf Course,Rutherford Castle Golf Course,http://rutherfordcastlegc.org.uk
Saline Golf Course,Saline Golf Course,https://salinegc.co.uk
Sandyhills Golf Club,Sandyhills Golf Club,https://www.sandyhillsgolfclub.co.uk
Sanquhar Golf Course,Sanquhar Golf Course,
Scotscraig Golf Club,Scotscraig Golf Club,https://www.scotscraiggolfclub.com
Seaham Golf Club,Seaham Golf Club,https://www.seahamgolfclub.co.uk
Selkirk Golf Club,Selkirk Golf Club,https://www.selkirkgolfclub.co.uk
Seton Sands 9 Hole Golf Course,Seton Sands 9 Hole Golf Course,https://www.haven.com/parks/scotland/seton-sands
Sharpley Golf Course,Sharpley Golf Course,http://sharpleygolf.blogspot.co.at
Shetland Golf Club,Shetland Golf Club,https://www.shetlandgolfclub.co.uk
Shiskine Golf Club,Shiskine Golf Club,https://www.shiskinegolf.com
Shotts Golf Club,Shotts Golf Club,https://www.shottsgolfclub.co.uk
Silverknowes Golf Course,Silverknowes Golf Course,https://www.edinburghleisure.co.uk/venues/silverknowes-golf-course
Skeabost House Hotel,Skeabost Golf Club,
Skelmorlie Golf Club,Skelmorlie Golf Club,https://www.skelmorliegolf.co.uk
South Ayrshire Council,Belleisle & Seafield Golf Courses,https://www.golfsouthayrshire.com/play/the-courses/belleisle-park
South Lanarkshire Leisure and Culture Limited,Larkhall Golf Course,https://www.slleisureandculture.co.uk/info/243/larkhall_golf_course
South Ronaldsay Golf Course,South Ronaldsay Golf Course,https://southronaldsaygolf.com
Southerness Golf Course,Southerness Golf Course,https://southernessgolfclub.com
Spean Bridge Golf Club,Spean Bridge Golf Club,https://speangolf.co.uk
Spey Bay Golf Course,Spey Bay Golf Course,https://www.linksdao.io/spey-bay
Spey Valley 9-hole Academy Golf Course,Spey Valley 9-hole Academy Golf Course,https://www.macdonaldhotels.co.uk/aviemore/see-and-do/activities/golfing
St Andrews Links Trust,Balgove Course,http://www.standrews.org.uk/Play/Courses/Balgove-Course
St Andrews Links Trust,Craigtoun Course,https://www.standrews.com/golf/courses/the-craigtoun-course
St Andrews Links Trust,Eden Course,http://www.standrews.org.uk/Play/Courses/Eden-Course
St Andrews Links Trust,Jubilee Course,http://www.standrews.org.uk/Play/Courses/Jubilee-Course
St Andrews Links Trust,New Course,http://www.standrews.org.uk/Play/Courses/New-Course
St Andrews Links Trust,Old Course,http://www.standrews.org.uk/Play/Courses/Old-Course
St Andrews Links Trust,Strathtyrum Course,http://www.standrews.org.uk/Play/Courses/Strathtyrum-Course
St Andrews Links Trust,The Castle Course,http://www.standrews.org.uk/Play/Courses/The-Castle-Course
St Boswells Golf Course,St Boswells Golf Course,https://www.stboswellsgolfclub.co.uk
St Fillans Golf Club,St Fillans Golf Club,https://www.st-fillans-golf.com
St Medan Golf Club,St Medan Golf Club,https://www.stmedangolfclub.com
St Michaels Golf Club,St Michaels Golf Club,https://stmichaelsgolfclub.com
St. Cuthbert Golf Club,St. Cuthbert Golf Club,https://www.stcuthbert.co.uk
St. Nicholas Golf Club,St. Nicholas Golf Club,https://www.prestwickstnicholas.com
St. Stephen’s Primary School golf course,St. Stephen’s Primary School golf course,https://blogs.glowscotland.org.uk/nl/ststephensprimary
Stirling Golf Club,Stirling Golf Club,https://www.stirlinggolfclub.com
Stonehaven Golf Club,Stonehaven Golf Club,https://www.stonehavengolfclub.com
Stranraer Golf Club,Stranraer Golf Club,https://www.stranraergolfclub.net
Strathaven Golf Club,Strathaven Golf Club,https://www.strathavengc.com
Strathclyde Park Golf Course,Strathclyde Park Golf Course,https://www.slleisureandculture.co.uk/info/244/strathclyde_park_golf_course
Strathendrick Golf Club,Strathendrick Golf Club,https://www.strathendrickgolfclub.co.uk
Strathlene Golf Club,Strathlene Golf Club,https://www.strathlenegolfclub.co.uk
Strathmore Golf Centre,Strathmore Golf Centre,https://www.strathmoregolf.com
Strathpeffer Spa Golf Club,Strathpeffer Spa Golf Club,https://www.strathpeffergolf.co.uk
Stromness Golf Club,Stromness Golf Club,https://www.stromnessgc.co.uk
Swanston Golf Course,Swanston Golf Course,https://www.swanstongolf.co.uk
Tain Golf Club,Tain Golf Club,https://tain-golfclub.co.uk
Tarbert Golf Club,Tarbert Golf Club,https://tarbertgolfclub.com
Tarland Golf Club,Tarland Golf Club,https://www.tarlandgolfclub.co.uk
Taymouth Castle Golf Course,Taymouth Castle Golf Course,https://welcometotaymouth.com
Taynuilt Golf Club,Taynuilt Golf Club,https://www.taynuiltgolfclub.co.uk
"The Carnegie Club, Skibo Castle",Carnegie Links,https://www.carnegieclub.co.uk/golf-championship-links.html
The Carrick Golf Course,The Carrick Golf Course,https://www.thecarrick.com
The Golf House Club,Elie Golf Course,https://www.golfhouseclub.co.uk
The Kames Golf Club (Mouse Valley),The Kames Golf Club (Mouse Valley),http://www.kames-golf-club.com/html
The Machrie,The Machrie,https://islaygolfclub.co.uk
The National Trust for Scotland,Kingarrock Hickory Golf Course,https://www.nts.org.uk/visit/places/hill-of-tarvit-mansion/highlights/kingarrock-hickory-golf
The North Berwick Golf Club,The North Berwick Golf Club,https://www.northberwickgolfclub.com
The Pines Golf Centre,The Pines Golf Centre,http://www.pinesgolf.com
The R&A,Golf It!,https://www.golf-it.com
The Renaissance Club,The Renaissance Club,https://trcaa.com
The Royal Burgess Golfing Society of Edinburgh,The Royal Burgess Golfing Society of Edinburgh,https://www.royalburgess.co.uk
The Wee course,The Wee course,https://another.place/the-machrie/golf/the-wee-course
The West Kilbride Golf Club,The West Kilbride Golf Club,https://www.westkilbridegolfclub.com
The Westerwood Hotel & Golf Resort,The Westerwood Hotel & Golf Resort,https://www.qhotels.co.uk/our-locations/the-westerwood-hotel-golf-resort/golf
Thornhill Golf Course,Thornhill Golf Course,https://www.thornhillgolfclub.co.uk
Thornton Golf Club,Thornton Golf Club,https://www.thorntongolfclub.co.uk
Thurso Golf Club,Thurso Golf Club,https://thursogolfclub.co.uk
Tillicoultry Golf Club,Tillicoultry Golf Club,https://www.tillicoultrygolfclub.com
Tobermore Golf Centre,Tobermore Golf Centre,https://www.midulstercouncil.org/tobermoregolf
Tobermory Golf Club,Tobermory Golf Club,https://www.tobermorygolfclub.com
Torphins Golf Club,Torphins Golf Club,https://www.torphinsgolfclub.co.uk
Torrance House Golf Club,Torrance House Golf Club,https://torrancehousegc.co.uk
Torrance Park Golf Course (closed),Torrance Park Golf Course (closed),https://www.torranceparkgolf.co.uk
Torwoodlee Golf Course,Torwoodlee Golf Course,https://www.torwoodleegolfclub.co.uk
Traigh Golf Course,Traigh Golf Course,https://www.traighgolf.co.uk
Troon Darley,Troon Darley,https://www.golfsouthayrshire.com/courses/7/troon-darley
Troon Fullarton,Troon Fullarton,https://www.golfsouthayrshire.com/courses/8/troon-fullarton
Troon Lochgreen,Troon Lochgreen,https://www.golfsouthayrshire.com/courses/6/troon-lochgreen
Trump International Golf Links Scotland,Menie Links,https://www.trumpgolfscotland.com
Trump International Golf Links Scotland,Pettens Links,https://www.trumpgolfscotland.com
Tulliallan Golf Club,Tulliallan Golf Club,https://www.tulliallangolf.co.uk
Turnberry,Turnberry,https://www.turnberry.co.uk
Turnhouse Golf Club,Turnhouse Golf Club,https://www.turnhousegolfclub.com
Turriff Golf Club,Turriff Golf Club,https://www.turriffgolfclub.com
Uig Lodge golf course,Uig Lodge golf course,https://www.uiglodge.co.uk
Ullapool Golf Club,Ullapool Golf Club,https://www.ullapoolgolfclub.co.uk
University of Stirling - Airthrey Golf Club,University of Stirling - Airthrey Golf Club,https://www.stir.ac.uk/sports-centre/facilities/golf
University of Strathclyde,Ross Priory Club,https://www.strath.ac.uk/rosspriory
Uphall Golf Course,Uphall Golf Course,https://www.uphallgolfclub.com
Vale of Leven Golf Club,Vale of Leven Golf Club,https://www.volgc.org
Vaul Golf Club,Vaul Golf Club,https://vaulgolfclub.co.uk
Wee Braids Golf Course,Wee Braids Golf Course,https://www.edinburghleisure.co.uk/venues/wee-braids-golf-course
Wee Demon golf course,Wee Demon golf course,https://www.cameronhouse.co.uk/club/golf/the-wee-demon
Wellsgreen,Wee Course,https://www.wellsgreen.co.uk/golf/wee-course
West Linton Golf Course,West Linton Golf Course,https://www.wlgc.co.uk
West Lothian Golf Course,West Lothian Golf Course,https://www.westlothiangc.com
Western Gailes Golf Club,Western Gailes Golf Club,https://www.westerngailes.com
Westhill Golf Club,Westhill Golf Club,https://westhillgolf.co.uk
Westray Golf Club,Westray Golf Club,https://westraygolf.org
Whalsay Golf Club,Whalsay Golf Club,https://www.whalsaygolfclub.co.uk
Whitecraigs Golf Club,Whitecraigs Golf Club,https://www.whitecraigsgolfclub.net
Whitehill House Golf Course,Whitehill House Golf Course,https://www.whitehillhousegolf.co.uk
Whiting Bay Golf Club,Whiting Bay Golf Club,https://www.whitingbaygolf.com
Wick Golf Club,Wick Golf Club,https://www.wickgolfclub.org.uk
Wigtown and Bladnoch Golf Club,Wigtown and Bladnoch Golf Club,https://wigtownbladnoch.cw.sct.dotgolf.co.uk/home
Wigtownshire County Golf Course,Wigtownshire County Golf Course,https://wigtownshirecountygolfclub.com
Williamwood Golf Club,Williamwood Golf Club,https://www.williamwoodgc.co.uk
Wilton Golf Course,Wilton Golf Course,https://www.wiltongolfclub.co.uk
Windyhill Golf Club,Windyhill Golf Club,https://windyhillgolfclub.co.uk
Winterfield Golf Course,Winterfield Golf Course,https://www.enjoyleisure.com/Centre.aspx?comp_id=10
Wishaw Golf Club,Wishaw Golf Club,https://www.wishawgolfclub.com
Woll Golf Course,Woll Golf Course,https://www.wollgolf.co.uk
