Club Name,Course Name,Website
Aberdour Golf Club,Aberdour Golf Club,https://www.aberdourgolfclub.co.uk
Aberfeldy Golf Club,Aberfeldy Golf Club,https://www.aberfeldy-golfclub.co.uk
Aberfoyle Golf Club,Aberfoyle Golf Club,https://www.aberfoylegolf.co.uk
Abernethy Golf club,Abernethy Golf club,https://www.abernethygolfclub.com
Aboyne Golf Course,Aboyne Golf Course,https://www.aboynegolfclub.co.uk
admin@deesidegolfclub.com,Deeside Golf Club,https://www.deesidegolfclub.com
admin@gaileslinks.co.uk,Glasgow Golf Club / Gailes Links,https://www.gaileslinks.co.uk
admin@pinesgolf.com,The Pines Golf Centre,http://www.pinesgolf.com
admin@portlethengolfclub.com,Portlethen Golf Club,https://www.portlethengolfclub.com
Aigas Golf Course,Aigas Golf Course,https://aigasgolfcourse.co.uk
Ailsa,Ailsa,
Alford Golf Club,Alford Golf Club,https://www.alfordgolfclub.com
Allendale Golf Club,Allendale Golf Club,https://www.allendale-golf.com
Alloa Golf Club,Schawpark Golf course,https://www.alloagolfclub.co.uk
Alness Golf Club,Alness Golf Club,https://www.alnessgolf.co.uk
Alnmouth Golf Club,Alnmouth Golf Club,https://www.alnmouthgolfclub.com
Alnwick Castle Golf Club,Alnwick Castle Golf Club,https://www.alnwickcastlegolfclub.co.uk
Alston Moor Golf Course,Alston Moor Golf Course,https://alstonmoorgolfclub.org.uk
Alva Golf Course,Alva Golf Course,https://www.alvagolfclub.co.uk
Alyth Golf Club,Glenisla Golf Course,https://www.alythgolfclub.co.uk/glenisla-course
Alyth Golf Course,Alyth Golf Course,https://www.alythgolfclub.co.uk
Annanhill Golf Club,Annanhill Golf Club,https://annanhillgolfclub.co.uk
Anstruther Golf Club,Anstruther Golf Club,https://www.anstruthergolf.co.uk
Antonine Par 3 Academy Course,Antonine Par 3 Academy Course,https://www.falkirkgolfclub.co.uk
Antrim and Newtownabbey Borough Council,Ballyearl Golf Course,https://antrimandnewtownabbey.gov.uk/leisure-centres/book-online/book-golf
Appleby Golf Club,Appleby Golf Club,https://www.applebygolfclub.co.uk
Arbroath Artisan Golf Club,Arbroath Golf Course,https://www.arbroathgolfcourse.co.uk
Arbroath West Links Pitch & Putt,Arbroath West Links Pitch & Putt,https://www.angus.gov.uk/services/view_service_detail.cfm?serviceid=1316
Archerfield Links,Archerfield Links,https://www.archerfieldgolfclub.com
Arcot Hall Golf Club,Arcot Hall Golf Club,https://www.arcothall.co.uk
Ardeer Golf Club,Ardeer Golf Club,https://ardeergolfclub.co.uk
Ardfin Golf Course,Ardfin Golf Course,https://www.ardfin.com/golf
Asta Golf Club,Asta Golf Club,https://www.astagolfcourse.com
Atholl Palace Hotel Pitch and Putt course,Atholl Palace Hotel Pitch and Putt course,https://www.athollpalace.com/attractions/putting-green
Auchenblae Parks Committee,Auchenblae Golf Course,https://www.auchenblaegolfcourse.co.uk
Auchenharvie Golf Course,Auchenharvie Golf Course,https://kaleisure.com/location/auchenharvie-golf-course
Auchmill Golf Course,Auchmill Golf Course,https://auchmillgolfclub.co.uk
Auchterarder Golf Club,Auchterarder Golf Club,https://www.auchterardergolf.co.uk/home
B. A.  Club Pitch and Putt,B. A.  Club Pitch and Putt,https://www.facebook.com/pages/BA-Club/151694704870059
Baberton Golf Course,Baberton Golf Course,https://babertongc.com
Backworth Golf Club,Backworth Golf Club,https://backworthgolf.com
Balbirnie Park Golf Club,Balbirnie Park Golf Club,https://www.balbirniegolf.com
Balfron Golf Club,Balfron Golf Club,https://www.balfrongolfsociety.org.uk
Ballindalloch Estate,Ballindalloch Castle Golf Course,https://www.ballindallochcastlegolf.com
Ballochmyle Golf Club,Ballochmyle Golf Club,https://ballochmylegolfclub.com
Ballumbie Castle Golf Course,Ballumbie Castle Golf Course,https://www.ballumbiegolf.co.uk
Ballyclare Golf Course,Ballyclare Golf Course,
Ballyliffin Golf Club,Ballyliffin Golf Club,https://ballyliffingolfclub.com
Ballymena Golf Course,Ballymena Golf Course,
Ballyreagh Golf Course,Ballyreagh Golf Course,
Balmoral Estate 9-hole golf course,Balmoral Estate 9-hole golf course,https://balmoralcastle.com/visiting/balmoral-estate/golf
Balmoral Golf Club,Balmoral Golf Club,
Balmore Golf Club,Balmore Golf Club,https://www.balmoregolfclub.co.uk
Balnagask Golf Course,Balnagask Golf Course,https://www.sportaberdeen.co.uk/balnagask
Bamburgh Castle Golf Club,Bamburgh Castle Golf Club,https://www.bamburghcastlegolfclub.co.uk
Banchory Golf Club,Banchory Golf Club,https://www.banchorygolfclub.co.uk
Bangor Golf Club,Bangor Golf Club,
Barnard Castle Golf Course,Barnard Castle Golf Course,https://www.barnardcastlegolfclub.org
Barshaw Park Golf Course,Barshaw Park Golf Course,https://www.oneren.org/sport/golf-and-bowling-greens
Bathgate Golf Course,Bathgate Golf Course,https://www.bathgategolfclub.com
Bathgate Golf Course,Bathgate Golf Course,https://www.westlothianleisure.com/activities/sports/golf
Beamish Park Golf Club,Beamish Park Golf Club,https://www.beamish-park-hotel.co.uk/golf
Beamish Park Golf Course,Beamish Park Golf Course,https://www.beamishgolf.co.uk
Bearsden Golf Club,Bearsden Golf Club,https://bearsdengolfclub.co.uk
Bedlingtonshire Golf Club,Bedlingtonshire Golf Club,https://www.bedlingtongolfclub.com
Beginners Golf Course,Beginners Golf Course,
Beith Golf Club,Beith Golf Club,https://www.beithgolfclub.co.uk
Belford Golf Club,Belford Golf Club,
Bellahouston Park Pitch & Putt,Bellahouston Park Pitch & Putt,
Bellingham Golf Club,Bellingham Golf Club,https://www.bellinghamgolfclub.com
Bellshill Golf Club,Bellshill Golf Club,https://www.bellshillgolfclub.com
Belvoir Golf Course,Belvoir Golf Course,
Benbecula Golf Club,Raon Goilf Beinn na Faoghla,https://www.benbeculagolfclub.co.uk
Bentra Golf Course,Bentra Golf Course,
Biggar Golf Club,Biggar Golf Club,https://www.biggargolfclub.co.uk
Billingham Golf Club,Billingham Golf Club,https://www.billinghamgolfclub.com
Birtley Golf Club,Birtley Golf Club,http://www.birtleyportobellogolfclub.co.uk
Bishop Auckland Golf Club,Bishop Auckland Golf Club,https://bishopaucklandgolfclub.co.uk
Bishopbriggs Golf Club,Bishopbriggs Golf Club,http://www.thebishopbriggsgolfclub.com
Bishopbriggs Golf Range,Bishopbriggs Golf Range,https://bishopbriggsgolfrange.co.uk
Bishopshire Golf Club,Bishopshire Golf Club,https://www.bishopshiregolf.club
Blackwood Golf Centre,Blackwood Golf Centre,
Blair Atholl Golf Club,Blair Atholl Golf Club,https://www.blairathollgolf.co.uk
Blairmore and Strone Golf Club,Blairmore and Strone Golf Club,
Blyth Golf Club,Blyth Golf Club,https://www.blythgolf.co.uk
Boat of Garten Golf and Tennis Club,Boat of Garten Golf and Tennis Club,https://www.boatgolf.com
Bogside House golf course,Bogside House golf course,
Boldon Golf Club,Boldon Golf Club,https://boldongolfclub.co.uk
"Bonar Bridge, Ardgay Golf Club","Bonar Bridge, Ardgay Golf Club",https://www.bbagc.co.uk
Bonnybridge Golf Club,Bonnybridge Golf Club,http://www.bonnybridgegc.co.uk
Bonnyton Golf Club,Bonnyton Golf Club,https://www.bonnytongolfclub.com
Bothwell Castle Golf Club,Bothwell Castle Golf Club,https://www.bcgolf.co.uk
Braehead Golf Club,Braehead Golf Club,https://www.braeheadgolfclub.co.uk
Braemar Golf Club,Braemar Golf Club,https://www.braemargolfclub.co.uk
Braid Hills Golf Centre,Braid Hills Golf Centre,https://www.braidhillsgolf.co.uk
Braid Hills Golf Course,Braid Hills Golf Course,https://www.edinburghleisure.co.uk/venues/braid-hills-golf-course
Brailgowrie Golf Club,Brailgowrie Golf Club,https://www.theblairgowriegolfclub.co.uk
Brampton Golf Club,Brampton Golf Club,https://www.bramptongolfclub.com
Brancepeth Castle Golf Club,Brancepeth Castle Golf Club,https://www.brancepeth-castle-golf.co.uk
Brancumhall Golf Development Centre,Brancumhall Golf Development Centre,https://www.slleisureandculture.co.uk/info/246/brancumhall_golf_development_centre
Brayton Park Golf Club,Brayton Park Golf Club,https://braytonpark.co.uk
Brechin Golf Club,Brechin Golf Club,https://www.brechingolfclub.co.uk
Bridge of Allan Golf Club,Bridge of Allan Golf Club,https://www.bofagc.com
Bridgecastle Golf Club,Bridgecastle Golf Club,
Bridgend & District Golf Club,Bridgend & District Golf Club,https://www.bridgendgolfclub.com
Brighouse Bay Golf Club,Brighouse Bay Golf Club,http://www.brighousebay-golfclub.co.uk
Broadlees Golf Course,Broadlees Golf Course,https://www.broadleesgolf.co.uk
Brodick Golf Course,Brodick Golf Course,https://www.brodickgolf.com
Broomieknowe Golf Course,Broomieknowe Golf Course,https://www.broomieknowe.com
Brora Golf Club,Brora Golf Club,https://www.broragolfclub.co.uk
Brown Trout Inn golf course,Brown Trout Inn golf course,https://browntroutinn.com
Brunston Castle Golf Club,Brunston Castle Golf Club,
Bruntsfield Links Golfing Society,Bruntsfield Links,https://www.bruntsfieldlinks.co.uk
Bruntsfield Links Short Hole Golf Course,Bruntsfield Links Short Hole Golf Course,https://www.bruntsfieldshortholegolfclub.co.uk
Buchanan Castle Golf Club,Buchanan Castle Golf Club,https://www.buchanancastlegolfclub.co.uk
Buckpool Golf Club,Buckpool Golf Club,https://buckpoolgolf.com
Buncrana Golf Club,Buncrana Golf Club,
Burgham Park Golf Club,Burgham Park Golf Club,https://www.burghampark.co.uk
Burnfield House Golf Club,Burnfield House Golf Club,
Burrowhead Holiday Village Pitch and Putt course,Burrowhead Holiday Village Pitch and Putt course,https://burrowheadholidayvillage.co.uk
Bushfoot Golf Club,Bushfoot Golf Club,
Bute Golf Club,Bute Golf Club,https://www.butegolfclub.com
Cairndhu Golf Course,Cairndhu Golf Course,
Calderbraes Golf Club,Calderbraes Golf Club,http://calderbraes-golf-club.co.uk
Caldwell Golf Club,Caldwell Golf Club,https://caldwellgolfclub.com
Callander Golf Club,Callander Golf Club,https://www.callandergolfclub.co.uk
Callendar Park Golf Course,Callendar Park Golf Course,
Cally Palace Hotel & Golf Course,Cally Palace Hotel & Golf Course,https://www.mcmillanhotels.co.uk/hotels/cally-palace-hotel/golf-at-cally-palace
Cambuslang Golf Club,Cambuslang Golf Club,https://cambuslanggolf.co.uk
Campbelltown Putting Green,Campbelltown Putting Green,https://www.skdt.org/putting-green
Campsie Golf Club,Campsie Golf Club,https://www.campsiegolfclub.com
Canmore Golf Club,Canmore Golf Club,https://www.canmoregolfclub.co.uk
Caprington Golf Club,Caprington Golf Club,https://www.capringtongolfclub.com
captain@eyemouthgolfclub.co.uk,Eyemouth Golf Club,https://www.eyemouthgolfclub.co.uk
Cardross Golf Club,Cardross Golf Club,http://www.cardross.com
Carlisle Golf Club,Carlisle Golf Club,https://www.carlislegolfclub.org
Carluke Golf Club,Carluke Golf Club,https://www.carlukegolfclub.com
Carnalea Golf Club,Carnalea Golf Club,
Carnfunnock Golf Course,Carnfunnock Golf Course,
Carnoustie Golf Links,The Carnoustie Buddon Course,
Carnoustie Golf Links,The Carnoustie Burnside Course,
Carnoustie Golf Links,The Carnoustie Championship Course,
Carnoustie Golf Links,The Nestie,
Carnwath Golf Club,Carnwath Golf Club,https://www.carnwathgc.co.uk
Carradale Golf Course,Carradale Golf Course,https://www.carradalegolf.com
Carrbridge Golf Club,Carrbridge Golf Club,https://carrbridgegolf.co.uk
Carrick Knowe Golf Club,Carrick Knowe Golf Club,https://www.carrickvalegolfclub.co.uk
Carrickfergus Golf Course,Carrickfergus Golf Course,https://carrickfergusgolfclub.co.uk
Castle Eden Golf Club,Castle Eden Golf Club,https://www.castleedengolfclub.co.uk
Castle Golf Driving Range,Castle Golf Driving Range,http://www.castlegolfrange.co.uk
Castle Park Golf Course,Castle Park Golf Course,https://www.castleparkgolfclub.co.uk
Castle Stuart Golf Links,Castle Stuart Golf Links,https://www.castlestuartgolf.com
Castlereagh Hills Golf Course,Castlereagh Hills Golf Course,
Castlerock Golf Club,Castlerock Golf Club,
Cathcart Castle Golf Course,Cathcart Castle Golf Course,https://www.cathcartcastle.net
Cathkin Braes Golf Club,Cathkin Braes Golf Club,https://cathkinbraesgolfclub.co.uk
Cawder Golf Club,Cawder Golf Club,https://www.cawdergolfclub.com
Cawdor Castle Golf Club,Cawdor Castle Golf Club,https://www.cawdorcastle.com/golf/index.cfm
cdgolfclub@aol.com,Castle Douglas Golf Club,https://www.cdgolfclub.co.uk
Charleton Golf Club,Charleton Golf Club,https://charleton.co.uk
Chester-le-Street Golf Club,Chester-le-Street Golf Club,https://www.clsgolfclub.co.uk
City of Newcastle Golf Club,City of Newcastle Golf Club,https://www.cityofnewcastlegolfclub.com
Clandyboye Golf CLub,Clandyboye Golf CLub,
Cleveland Golf Club,Cleveland Golf Club,https://www.clevelandgolfclub.co.uk
Cliftonville Golf Club,Cliftonville Golf Club,
Clober Golf Club,Clober Golf Club,https://www.clobergolfclub.co.uk
Close House Hotel & Golf Club,Close House Hotel & Golf Club,https://www.closehouse.com/golf
Cluba-goilf Steòrnabhaigh (Stornoway Golf Club),Raon Goilf Steòrnabhaigh,https://www.stornowaygolfclub.co.uk
Cluny Activities,Cluny Golf,https://www.clunyactivities.co.uk/golf
Clydebank & District Golf Course,Clydebank & District Golf Course,https://www.clydebankdgc.co.uk
Cochrane Castle Golf Club,Cochrane Castle Golf Club,https://cochranecastle.com
Cocken Lodge Golf Course,Cocken Lodge Golf Course,https://cockenlodgegolf.my.canva.site/cocken-website
Cockermouth Golf Club,Cockermouth Golf Club,https://www.cockermouthgolf.co.uk
Colin Valley Golf Course,Colin Valley Golf Course,
Colonsay Golf Club,Colonsay Golf Club,https://www.colonsay.org.uk/Things-to-Do/Golf
Colvend Golf Club,Colvend Golf Club,https://www.colvendgolfclub.co.uk
Colville Park Golf Course,Colville Park Golf Course,https://colvilleparkgc.co.uk
Comann Goilf na Hearadh,Comann Goilf na Hearadh,https://www.harrisgolf.com
Comrie Golf Course,Comrie Golf Course,https://www.comriegolf.co.uk
Comunn Goilf Bharraidh,Comunn Goilf Bharraidh,
Consett & District Golf Club,Consett & District Golf Club,https://www.consettanddistrictgolfclub.com
Corrie Golf Club,Corrie Golf Club,https://www.golfonarran.com
Covesea Links,Covesea Links,https://covesealinks.com
Cowal Golf Club,Cowal Golf Club,https://www.cowalgolfclub.online
Cowglen Golf Club,Cowglen Golf Club,https://www.cowglengolfclub.co.uk
Craggan Golf Course,Craggan Golf Course,https://www.cairngormsactivities.co.uk/golf
Craigentinny Golf Course,Craigentinny Golf Course,https://www.edinburghleisure.co.uk/venues/craigentinny-golf-course
Craigie Hill Golf Course,Craigie Hill Golf Course,https://www.craigiehill.co.uk
Craigielaw Golf Course,Craigielaw Golf Course,https://www.craigielawgolfclub.com
Craigknowes Golf Course,Craigknowes Golf Course,
Craigmillar Park Golf Club,Craigmillar Park Golf Club,https://www.craigmillarpark.co.uk
Craignure Golf Club,Craignure Golf Club,https://craignuregolfclub.co.uk
Craigtoun Country Park,Craigtoun Country Park Course,https://www.friendsofcraigtoun.org.uk/attractions/park-golf
Crail Golf Society,Balcomie Links,https://crailgolfingsociety.co.uk/golf/balcomie-links
Crail Golfing Society,Craighead Links,https://crailgolfingsociety.co.uk/golf/craighead-links
Crichton Golf Club,Crichton Golf Club,https://www.crichtongolfclub.com
Crieff Golf Club,Crieff Golf Club,https://crieffgolf.co.uk
Crieff Hydro Golf Course,Crieff Hydro Golf Course,
Crook Golf Club,Crook Golf Club,https://crookgolfclub.co.uk
Crow Wood Golf Club,Crow Wood Golf Club,https://www.crowwoodgolfclub.co.uk
Cruden Bay Golf Club,Cruden Bay Golf Club,https://www.crudenbaygolfclub.co.uk
Cullen Golf Club,Cullen Golf Club,https://www.cullengolfclub.co.uk
Cupar Golf Club,Cupar Golf Club,https://www.cupargolfclub.co.uk
Dalbeattie Golf Club,Dalbeattie Golf Club,https://www.dalbeattiegolfclub.co.uk
Dalmahoy Hotel & Country Club,East Course,https://www.dalmahoyhotelandcountryclub.co.uk
Dalmahoy Hotel & Country Club,West Course,https://www.dalmahoyhotelandcountryclub.co.uk
Dalmally Golf Club,Dalmally Golf Club,https://www.dalmallygolfclub.co.uk
Dalmilling Golf Course,Dalmilling Golf Course,https://www.golfsouthayrshire.com/play/the-courses/dalmiling
Dalmuir Municipal Golf Course,Dalmuir Municipal Golf Course,https://www.west-dunbarton.gov.uk/leisure-parks-events/dalmuir-golf-course
Dalston Hall Holiday Park golf course,Dalston Hall Holiday Park golf course,https://www.dalstonhallholidaypark.co.uk
Dalziel Golf Course,Dalziel Golf Course,https://dalzielpark.co.uk/golf
Darlington Golf Course,Darlington Golf Course,https://www.darlington-gc.co.uk
David Lloyd Rouken Glen Golf Club,David Lloyd Rouken Glen Golf Club,https://www.davidlloyd.co.uk/clubs/glasgow-rouken-glen/at-glasgow-rouken-glen/golf
Deer Park,Deer Park,https://www.deer-park.co.uk
Dodhead Golf Course,Dodhead Golf Course,https://www.burntislandgolfhouseclub.co.uk
Donaghadee Golf Club,Donaghadee Golf Club,
Doon Valley Golf Club,Doon Valley Golf Club,
Dougalston Golf Course,Dougalston Golf Course,https://www.dougalstongolfclub.co.uk/contact
Douglas Park Golf Club,Douglas Park Golf Club,https://www.douglasparkgolfclub.co.uk
Douglas Water Golf Course,Douglas Water Golf Course,
Downfield Golf Club,Downfield,https://www.downfieldgolf.com
Dragon's Tooth Golf Club,Dragon's Tooth Golf Club,http://www.dragonstooth.co.uk
Drimsynie Estate Golf Course Lochgoilhead,Drimsynie Estate Golf Course Lochgoilhead,https://www.argyllholidays.com/parks/drimsynie-estate-holiday-village
Driving Range,Driving Range,
Drumoig Golf Centre,Drumoig Golf Centre,http://www.drumoiggolfcentre.co.uk
Drumoig Golf Hotel,Drumoig Golf Course,https://www.drumoiggolfhotel.com
Drumpellier Golf Course,Drumpellier Golf Course,http://www.drumpelliergolf.co.uk
Duddingston Golf Course,Duddingston Golf Course,https://www.duddingstongolfclub.co.uk
Duff House Royal Golf Club,Duff House Royal Golf Club,https://www.duffhouseroyal.com
Dufftown Golf Club,Dufftown Golf Club,https://dufftowngolfclub.com
Dullatur Golf Course,Dullatur Golf Course,https://www.dullaturgolf.com
Dumbarnie Links,Dumbarnie Links,https://dumbarnielinks.com
Dumbarton Golf Club,Dumbarton Golf Club,https://dumbartongolfclub.co.uk
Dumfries and Galloway Golf Course,Dumfries and Galloway Golf Course,https://www.dandggolfclub.co.uk
Dunaverty Golf Club,Dunaverty Golf Club,http://www.dunavertygolfclub.com
Dunbar Golf Club,Dunbar Golf Club,https://www.dunbargolfclub.com
Dunblane New Golf Club,Dunblane New Golf Club,https://www.dngc.co.uk
Dundas Parks Golf Club,Dundas Parks Golf Club,https://www.dundasparksgolf.co.uk
Dundonald Links,Dundonald Links,https://www.dundonaldlinks.com
Dunecht House Golf Club,Dunecht House Golf Club,https://www.dunechthousegolfclub.co.uk
Dunes Golf Centre,Dunes Golf Centre,https://dunesgolfcentre.co.uk
Dunfermline Golf Club,Halkett Course,
Dunfermline Golf Club,Pitfarrane Course,https://www.dunfermlinegolfclub.com
Dunkeld and Birnam Golf Club,Dunkeld and Birnam Golf Club,https://www.dunkeldandbirnamgolfclub.co.uk
Dunmurry Golf Course,Dunmurry Golf Course,
Dunning Golf Club,Dunning Golf Club,https://www.dunninggolfclub.co.uk
Duns Golf Course,Duns Golf Course,https://www.dunsgolfclub.com
Dunstanburgh Castle Golf Course,Dunstanburgh Castle Golf Course,https://www.dunstanburgh.com
Durham City Golf Course,Durham City Golf Course,https://www.durhamcitygolfclub.co.uk
Durness Golf Club,Durness Golf Club,https://www.durnessgolfclub.org
Earl of Mar Golf Course,Earl of Mar Golf Course,https://www.marhall.com/golf
East Kilbride Golf Club,East Kilbride Golf Club,https://www.ekgolfclub.com
East Renfrewshire Golf Club,East Renfrewshire Golf Club,https://www.eastrengolfclub.co.uk
Easter Moffat Golf Club,Easter Moffat Golf Club,https://www.emgc.org.uk
Eastwood Golf Course,Eastwood Golf Course,https://www.eastwoodgolfclub.co.uk
Eden Golf Club,Eden Golf Club,https://www.edengolf.co.uk
Edzell Golf Club,Edzell Golf Club,https://www.edzellgolfclub.com
Eelburn Pitch and Putt,Eelburn Pitch and Putt,
Elderslie Golf Club,Elderslie Golf Club,https://eldersliegolfclub.com
Elgin Golf Club,Elgin Golf Club,https://www.elgingolfclub.com
Elie Sports Club,The Baird Course,https://www.eliesportsclub.co.uk/golf
Elmwood Golf Course,Elmwood Golf Course,https://www.elmwoodgolf.co.uk
enquiries@lochmabengolf.co.uk,Lochmaben Golf Club,https://www.lochmabengolf.co.uk
Erskine Golf Club,Erskine Golf Club,https://www.erskinegolfclublimited.co.uk
euanmcintyre@edinburghleisure.co.uk,Portobello Golf Course,https://www.edinburghleisure.co.uk/venues/portobello-golf-course
Fair Isle Lighthouse Keeper's Golf Course,Fair Isle Lighthouse Keeper's Golf Course,https://fair-isle.blogspot.com/p/golf.html
Fairmont St Andrews,Kittocks Course,https://www.standrewsbay.com
Fairmont St Andrews,Torrance Course,https://www.standrewsbay.com
Fairways Loch Ness Golf Club,Fairways Loch Ness Golf Club,http://www.golflochness.com
Falkirk Golf Club,Falkirk Golf Club,https://www.falkirkgolfclub.co.uk
Falkirk Tryst Golf Club,Falkirk Tryst Golf Club,https://www.falkirktrystgolfclub.com
Falkland Golf Club,Falkland Golf Club,https://www.falklandgolfclub.com
Faughan Valley Golf Centre,Faughan Valley Golf Centre,
Feddinch Mains,Feddinch Mains,https://amgolf.consultationonline.co.uk
Fereneze Golf Club,Fereneze Golf Club,https://www.ferenezegolfclub.org
Fife Golf Trust,2019 Course,https://fifegolftrust.co.uk/dunnikier-golf-course
Fife Golf Trust,Auchterderran Golf Course,https://fifegolftrust.co.uk/auchterderran-golf-course
Fife Golf Trust,Cowdenbeath Golf Course,https://cowdenbeath-golfclub.com
Fife Golf Trust,Dunnikier Park Golf Course,https://fifegolftrust.co.uk/dunnikier-golf-course
Fife Golf Trust,Kinghorn Golf Course,https://www.fifegolftrust.co.uk/our-courses/kinghorn
Fife Golf Trust,Lochore Meadow Golf Course,https://www.fifegolftrust.co.uk/our-courses/lochore-meadows
Fife Golf Trust,Scoonie Golf Course,https://www.scooniegolfclub.com/https://fifegolftrust.co.uk/scoonie-golf-course
Fitzsimmons Group,Riverside Lodge Hotel Irvine Golf Course,
Forbes of Kingennie Golf Course,Forbes of Kingennie Golf Course,https://forbesofkingennie.co.uk
Forfar Golf Club,Forfar Golf Club,https://www.forfargolfclub.co.uk
Forres Golf Club,Forres Golf Club,https://forresgolfclub.co.uk
Forrester Park Golf Course,Forrester Park Golf Course,https://www.forresterparkresort.com
Fort Augustus Golf Club,Fort Augustus Golf Club,
Fortwilliam Golf Club,Fortwilliam Golf Club,
Foulford Inn Golf Course,Foulford Inn Golf Course,https://foulfordinn.co.uk
Foyle Golf Club,Foyle Golf Club,https://www.foylegolfcentre.co.uk
Fraserburgh Golf Club,Fraserburgh Golf Club,https://fraserburghgolfclub.org
Gairloch Golf Club,Gairloch Golf Club,https://gairlochgolfclub.co.uk
Galashiels Golf Course,Galashiels Golf Course,https://www.galashielsgolfclub.co.uk
Galfchúrsa Oileán na Cruite,Galfchúrsa Oileán na Cruite,
Galgorm Castle Golf Club,Galgorm Castle Golf Club,
Garesfield Golf Course,Garesfield Golf Course,https://www.garesfieldgolfclub.co.uk
Garmouth & Kingston Golf Course,Garmouth & Kingston Golf Course,http://garmouthkingstongolfclub.com
George Washington Hotel Golf and Spa,George Washington Hotel Golf and Spa,https://www.georgewashington.co.uk/contact
Gifford Golf Club,Gifford Golf Club,https://www.giffordgolfclub.com
Gigha Golf Club,Gigha Golf Club,
Girvan,Girvan,https://www.girvangolf.com
Glasgow Golf Club (Killermont Course),Glasgow Golf Club (Killermont Course),https://www.glasgowgolfclub.com/killermont.asp
Glasgow Life,Littlehill Golf Course,https://www.glasgowlife.org.uk/sport/venues/littlehill-golf-club
Gleddoch Golf and Spa Resort,Gleddoch Golf and Spa Resort,https://www.gleddoch.com/golf
Glen Golf Club,Glen Golf Club,https://www.glengolfclub.co.uk
Glenalmond College Golf Course,Glenalmond College Golf Course,https://www.glenalmondcollege.co.uk/co-curricular/sports/golf-school
Glenbervie Golf Course,Glenbervie Golf Course,https://www.glenberviegolfclub.com
Glencorse Golf Club,Glencorse Golf Club,https://www.glencorsegolfclub.com
Glencruitten Golf Club,Glencruitten Golf Club,https://www.golfoban.com
Gleneagles Golf Resort,Gleneagles Golf Resort,https://www.gleneagles.com/golf
Glenrothes Golf Course,Glenrothes Golf Course,http://www.glenrothesgolf.org.uk
Glens Course,Glens Course,
Gogarburn Golf Course,Gogarburn Golf Course,https://www.gogarburngc.com
golf,Ballycastle Golf Club,
Golf at Roe Valley,Golf at Roe Valley,https://www.roevalleyresort.com
Golf Dedication Centre Pitch & Putt,Golf Dedication Centre Pitch & Putt,
golf@marshall-leisure.co.uk,Craibstone Golf Course,https://www.marshall-leisure.co.uk
Golspie Golf Club,Golspie Golf Club,https://www.golspiegolfclub.co.uk
Gordonstoun School,Gordonstoun Golf Course,
Gosforth Golf Club,Gosforth Golf Club,https://www.gosforthgolfclub.co.uk
Goswick Links Golf Club,Goswick Links Golf Club,https://www.goswicklinksgc.co.uk
Gourock Golf Club,Gourock Golf Club,https://www.gourockgolfclub.com
Gracehill Golf Club,Gracehill Golf Club,
Grangemouth Golf Club,Grangemouth Golf Club,https://www.grangemouthgolfclub.co.uk
Grantown-On-Spey Golf Club,Grantown-On-Spey Golf Club,http://www.grantownonspeygolfclub.co.uk
Greenacres Golf Course,Greenacres Golf Course,
Greenburn Golf Club,Greenburn Golf Course,https://www.greenburngolfclub.co.uk
Greencastle Golf Club,Greencastle Golf Club,
Greenisland Golf Club,Greenisland Golf Club,https://www.greenislandgolfclub.co.uk
Greenmount Golf Club,Greenmount Golf Club,
Greenock Golf Club,Greenock Golf Club,https://greenockgolfclub.co.uk
Gullane Childrens Course,Gullane Childrens Course,
Gullane Golf Club,Gullane Golf Club,https://gullanegolfclub.com
Guthrie Castle,Guthrie Castle Golf Course,http://www.guthriecastle.com/tour-the-castle-scottish-event-venue/golf-course
Haddington Golf Course,Haddington Golf Course,https://www.haddingtongolf.co.uk
Haggerston Castle Golf Course,Haggerston Castle Golf Course,https://haggerstongolf.co.uk
Haggs Castle Golf Course,Haggs Castle Golf Course,https://haggscastlegolfclub.com
Hall Garth Hotel golf course,Hall Garth Hotel golf course,
Haltwhistle Golf Club,Haltwhistle Golf Club,https://www.haltwhistlegolfclub.co.uk
Hamilton Golf Club,Hamilton Golf Club,https://www.hamiltongolfclub.co.uk
Harburn Golf Club,Harburn Golf Club,https://harburngolfclub.co.uk
Hartlepool Golf Club,Hartlepool Golf Club,https://www.hartlepoolgolfclub.co.uk
Hartlepool Power Station Golf Course,Hartlepool Power Station Golf Course,
Hawick Golf Course,Hawick Golf Course,https://www.hawickgolfclub.com
Hayston Golf Club,Hayston Golf Club,https://www.haystongolf.com
Hazlehead Golf Course,Hazlehead Golf Course,https://www.sportaberdeen.co.uk/hazlehead
Heads of Ayr Golf Course,Heads of Ayr Golf Course,
Helen's Bay Golf Club,Helen's Bay Golf Club,
Helmsdale Community Golf Club,Helmsdale Community Golf Club,
Heworth Golf Club,Heworth Golf Club,https://www.theheworthgolfclub.co.uk
Hexham Golf Club,Hexham Golf Club,https://www.hexhamgolf.co.uk
High Gosforth Park Golf Club,High Gosforth Park Golf Club,https://www.newcastle-racecourse.co.uk/golf/welcome
High Throston Golf Course,High Throston Golf Course,
Hill Valley Golf,Hill Valley Golf,
Hilton Park Golf Club,Hilton Park Golf Club,https://www.hiltonpark.net
Hilton Templepatrick Golf Course,Hilton Templepatrick Golf Course,
Hirsel Golf Club,Hirsel Golf Club,
Hoddom Castle Caravan Site golf course,Hoddom Castle Caravan Site golf course,https://www.hoddomcastle.co.uk
Hollandbush Golf Course,Hollandbush Golf Course,https://www.hollandbushgolfclub.co.uk
Holywood Golf Course,Holywood Golf Course,
Hope Park Pitch & Putt,Hope Park Pitch & Putt,https://www.keswick.org/what-to-do/attractions/hope-park
Hopeman Golf Club,Hopeman Golf Club,http://www.hopemangc.co.uk
Houghton-le-Spring Golf Club,Houghton-le-Spring Golf Club,http://www.houghtongolfclub.co.uk
Houston Driving Range,Houston Driving Range,
Hunley Golf Club,Hunley Golf Club,https://www.hunleygolf.co.uk
Huntly Golf Club,Huntly Golf Club,https://www.huntlygolfclub.com
iLactive,Whinhill Golf Course,https://ilactivegolf.com
Inchmarlo Golf Driving Range,Inchmarlo Golf Driving Range,https://www.inchmarlogolf.co.uk
Inchmarlo Golf Resort,Inchmarlo Golf Resort,https://www.inchmarlogolf.co.uk
Ineos Golf Club,Ineos Golf Club,https://ineosgolfclub.webs.com
info@airdriegolfclub.com,Airdrie Golf Club,https://www.airdriegolfclub.co.uk
info@craigielawgolfclub.com,Craigielaw Golf Club,https://www.craigielawgolfclub.com
info@dollargolfclub.com,Dollar Golf Club,https://www.dollargolfclub.com
info@kames-golf-club.com,The Kames Golf Club (Mouse Valley),http://www.kames-golf-club.com/html
info@newmachargolfclub.co.uk,Newmachar Golf Club,https://www.newmachargolfclub.co.uk
info@shottsgolfclub.co.uk,Shotts Golf Club,https://www.shottsgolfclub.co.uk
Innerleithen Golf Club,Innerleithen Golf Club,https://www.innerleithengolf.co.uk
Insch Golf Club,Insch Golf Club,https://www.inschgolfclub.co.uk
Inverallochy Golf Club,Inverallochy Golf Club,https://www.inverallochygolfclub.com
Inveraray Golf Club,Inveraray Golf Club,
Invergordon Golf Club,Invergordon Golf Club,https://invergordongolf.co.uk
Inverness Golf Club,Inverness Golf Club,https://www.invernessgolfclub.co.uk
Inverurie Golf Club,Inverurie Golf Club,https://www.inveruriegolfclub.co.uk
Iona Golf Course,Iona Golf Course,
Irvine Golf Club,Irvine Golf Club,https://www.theirvinegolfclub.co.uk
Irvine Ravenspark Golf Club,Irvine Ravenspark Golf Club,https://www.irgc.co.uk
Isle of Eriska Golf Club,Isle of Eriska Golf Club,
Isle of Skye Golf Club,Isle of Skye Golf Club,https://www.isleofskyegolfclub.co.uk
Jedburgh Golf Course,Jedburgh Golf Course,https://www.jedburghgolfclub.co.uk
Keith Golf Club,Keith Golf Club,http://www.keithgolfclub.co.uk
Kelly Castle golf course,Kelly Castle golf course,
Kelso Golf Club,Kelso Golf Club,https://www.kelsogolfclub.co.uk
Kemnay Golf Club,Kemnay Golf Club,https://www.kemnaygolfclub.co.uk
Kempston Course,Kempston Course,
Kenmay Golf Course,Beechbank 6-hole course,https://www.kemnaygolfclub.co.uk/copy-of-championship-course
Keswick Golf Club,Keswick Golf Club,https://www.keswickgolfclub.com
Kilbirnie Place Golf Club,Kilbirnie Place Golf Club,https://www.kilbirnieplacegc.co.uk
Killin Golf Club,Killin Golf Club,https://www.killingolfclub.co.uk
Killymoon Golf Club,Killymoon Golf Club,https://www.killymoongolfclub.com
Kilmacolm Golf Club,Kilmacolm Golf Club,https://www.kilmacolmgolfclub.com
Kilmarnock Golf Club Barassie Links,Kilmarnock Golf Club Barassie Links,https://www.kbgc.co.uk
Kilrea Golf Course,Kilrea Golf Course,https://kilreagolfclub.com
Kilspindie Golf Club,Kilspindie Golf Club,http://kilspindiegolfclub.co.uk
Kilsyth Lennox Golfcouse,Kilsyth Lennox Golfcouse,https://www.kilsythlennox.com
Kilwinning Sports Club driving range,Kilwinning Sports Club driving range,https://www.kilwinningsportsclub.co.uk
King James VI Golf Club,King James VI Golf Club,https://www.kingjamesvi.co.uk
King Robert the Bruce,King Robert the Bruce,
King's Acre Golf Course,King's Acre Golf Course,https://www.kings-acregolf.com
King's Acre Golf Driving Range,King's Acre Golf Driving Range,
King's Golf Club,King's Golf Club,https://www.kingsgolfclubinverness.co.uk
Kings Links Golf Course,Kings Links Golf Course,https://www.sportaberdeen.co.uk/kings-links
Kingsbarns Golf Links,Kingsbarns Golf Links,https://www.kingsbarns.com
Kingsfield Golf Course,Kingsfield Golf Course,https://www.kingsfieldgolf.com
Kingsknowe Golf Course,Kingsknowe Golf Course,https://www.kingsknowe.com
Kingussie Golf Club,Kingussie Golf Club,https://kingussiegolfclub.co.uk
Kinloss Golf Course,Kinloss Golf Course,
Kinross Golf Club,The Bruce,
Kinross Golf Club,The Montgomery,
Kintore Golf Club,Kintore Golf Club,https://www.kintoregolfclub.net
Kippie Lodge Sports & Leisure,Kippie Lodge Sports & Leisure,http://www.kippielodge.com/sports
Kirkcaldy Golf Club,Kirkcaldy Golf Club,https://kirkcaldygolfclub.co.uk
Kirkcudbright Golf Course,Kirkcudbright Golf Course,https://www.kirkcudbrightgolf.co.uk
Kirkhill Golf Club,Kirkhill Golf Club,https://www.kirkhillgolfclub.org.uk
Kirkintilloch Golf Club,Kirkintilloch Golf Club,https://www.kirkintillochgolfclub.com
Kirriemuir Golf Club,Kirriemuir,https://www.kirriemuirgolfclub.co.uk
Knightswood Golf Course,Knightswood Golf Course,https://www.glasgowlife.org.uk/sport/our-facilities/golfcourses/knightswood-golf-course
Knightswood Pitch & Putt,Knightswood Pitch & Putt,https://www.glasgowlife.org.uk/sport/our-facilities/pitchandputt/knightswood-park
Knock Golf Club,Knock Golf Club,
Knotty Hill Golf Centre,Knotty Hill Golf Centre,https://www.knottyhill.com
Kyles of Bute Golf Club,Kyles of Bute Golf Club,https://www.kylesofbutegolfclub.co.uk
Ladybank Golf Club,Ladybank Golf Club,https://ladybankgolf.co.uk
Ladybank Golf Club,Wee Course,
Lamlash Golf Club,Lamlash Golf Club,https://www.lamlashgolfclub.com
Lanark Golf Club,Lanark Golf Club,https://www.lanarkgolfclub.co.uk
Langholm Golf Club,Langholm Golf Club,https://www.langholmgolfclub.co.uk
Langlands Golf Club,Langlands Golf Club,https://www.langlandsgolfclub.co.uk
Lansdowne Course,Lansdowne Course,
Largs Golf Course,Largs Golf Course,https://www.largsgolfclub.co.uk
Larne Golf Club,Larne Golf Club,https://www.larnegolfclub.co.uk
Lauder Golf Club,Lauder Golf Club,https://lauder.golf-club.website/website
Leadhills Golf Course,Leadhills Golf Course,https://www.leadhillsgolfclub.com
Lenzie Golf Club,Lenzie Golf Club,https://www.lenziegolfclub.co.uk
Leslie Golf Club,Leslie Golf Club,https://www.lesliegolfclub.co.uk
Leven Links,Leven Links Golf Course,https://www.leven-links.com
Liberton Golf Course,Liberton Golf Course,https://www.libertongc.co.uk
Lilliardsedge Holiday Park & Golf Course,Lilliardsedge Holiday Park & Golf Course,https://www.lilliardsedgepark.co.uk/Page/Golf.aspx
Lilliesleaf Golf Course,Lilliesleaf Golf Course,
Linlithgow Golf Club,Linlithgow Golf Club,https://www.linlithgowgolf.co.uk
Linn Park Golf Course (closed),Linn Park Golf Course (closed),
Loch Lomond Golf Course,Loch Lomond Golf Course,https://www.lochlomond.com
Loch of Aboyne Golf Course,Loch of Aboyne Golf Course,
Loch View Golf Course,Loch View Golf Course,https://www.activenl.co.uk/venue-finder/venues-3/lochview-family-golf-centre
Lochcarron Golf Course,Lochcarron Golf Course,https://lochcarrongolfclub.co.uk
Lochgelly Golf Club,Lochgelly Golf Club,https://www.lochgellygolfclub.co.uk
Lochgilphead Golf Club,Lochgilphead Golf Club,https://www.lochgilpheadgolfclub.co.uk
Lochview Family Golf Centre,Lochview Family Golf Centre,
Lochwinnoch Golf Club,Lochwinnoch Golf Club,https://www.lochwinnochgolf.co.uk
Lockerbie Golf Club,Lockerbie Golf Club,http://www.lockerbiegolf.co.uk
Longhirst Hall Golf Course,Longhirst Hall Golf Course,https://longhirstgolf.co.uk
Longniddry Golf Course,Longniddry Golf Course,https://www.longniddrygolfclub.co.uk
Longside Golf Club,Longside Golf Club,https://longsidegolfclub.co.uk
Loudoun Gowf Club,Loudoun Gowf Club,https://www.loudoungowfclub.co.uk
Luffness New Golf Club,Luffness New Golf Club,https://www.luffnessnew.com
Lumphanan Golf Course,Lumphanan Golf Course,https://www.lumphanangolfclub.co.uk
Lundin Golf Club,Lundin Golf Club,https://www.lundingolfclub.co.uk
Lundin Ladies Golf Club,Lundin Ladies Golf Club,http://www.lundinladiesgolfclub.co.uk
Lybster Golf Club,Lybster Golf Club,https://lybstergolfclub.co.uk
Macdonald Cardrona Hotel Golf Course,Macdonald Cardrona Hotel Golf Course,
Macdonald Linden Hall Golf & Country Club,Macdonald Linden Hall Golf & Country Club,https://www.macdonaldhotels.co.uk/our-hotels/macdonald-linden-hall-golf-country-club
Macdonald Spey Valley Championship Golf Course,Macdonald Spey Valley Championship Golf Course,https://www.macdonaldhotels.co.uk/spey-valley/golf
Machrie Bay Golf Course,Machrie Bay Golf Course,https://machriebay.com
Machrihanish Dunes Golf Course,Machrihanish Dunes Golf Course,http://www.machrihanishdunes.com
Machrihanish Links,Machrihanish Links,https://www.machgolf.com
Magdalene Fields,Magdalene Fields,https://magdalene-fields.co.uk
Mains of Taymouth Golf Course,Mains of Taymouth Golf Course,https://www.taymouth.co.uk/on-site-facilities/kenmore-golf-course.htm
Manager@pollokgolf.com,Pollok Golf Course,https://www.pollokgolf.com
Maryport Golf Club,Maryport Golf Club,http://www.maryportgolfclub.co.uk/Intro.aspx
Massereene Golf Club,Massereene Golf Club,
"Matfen Hall Hotel, Golf & Spa","Matfen Hall Hotel, Golf & Spa",https://www.matfenhall.com
Maverston Golf Course,Maverston Golf Course,https://www.maverstongolf.com
Maybole Golf Course,Maybole Golf Course,https://www.maybolegolf.com
McDonald Golf Course,McDonald Golf Course,https://www.ellongolfclub.co.uk
Mearns Castle Golf Academy,Mearns Castle Golf Academy,https://mcgolfacademy.co.uk
Meldrum House Golf Course,Meldrum House Golf Course,https://www.meldrumhouse.com/golf
Meldrum House Teaching Academy course,Meldrum House Teaching Academy course,https://www.meldrumhouse.com/golf/teaching-academy
Melrose Golf Club,Melrose Golf Club,https://melrosegolfclub.co.uk
Melville Golf Course,Melville Golf Course,https://www.melvillegolf.com
Menie Links,Menie Links,
Merchants of Edinburgh Golf Club,Merchants of Edinburgh Golf Club,https://www.merchantsgolf.com
Middlebank Golf Driving Range,Middlebank Golf Driving Range,
Millport Golf Course,Millport Golf Course,https://Millport Golf Course
Milnathort Golf Club,Milnathort Golf Club,https://www.milnathortgolfclub.co.uk
Milngavie Golf Club,Milngavie Golf Club,https://www.milngaviegolfclub.co.uk
Minto Golf Course,Minto Golf Course,https://www.mintogolf.co.uk
Moffat Golf Course,Moffat Golf Course,https://www.moffatgolfclub.co.uk
Monifieth Golf Links,Ashludie Course,
Monifieth Golf Links,Medal Course,
Monksford House Golf Course,Monksford House Golf Course,
Montrose Golf Links,Montrose Golf Links,https://montrosegolflinks.com
Moray Golf Club,Moray Golf Club,https://www.moraygolf.co.uk
Morpeth Golf Club,Morpeth Golf Club,https://www.morpethgolf.co.uk
Mortonhall Golf Club,Mortonhall Golf Course,https://www.mortonhallgc.co.uk
Mount Ober Golf Club,Mount Ober Golf Club,
Mounthooly Golf Driving Range,Mounthooly Golf Driving Range,
Moyola Park,Moyola Park,
Moyola Park Golf Club,Moyola Park Golf Club,
Muckhart Golf Club,Arndean,https://www.muckhartgolf.com
Muckhart Golf Club,Cowden,https://www.muckhartgolf.com
Muckhart Golf Club,Naemoor,https://www.muckhartgolf.com
Muir of Ord Golf Club,Muir of Ord Golf Club,https://www.muirofordgolfclub.co.uk
Muirfield,Muirfield,https://www.muirfield.org.uk
Muirkirk Golf Club,Muirkirk Golf Club,
Murcar Links Golf Club,Murcar Links Golf Club,https://murcarlinks.com
Murrayfield Golf Course,Murrayfield Golf Course,https://www.murrayfieldgolfclub.co.uk
Murrayshall Country Estate,Lynedoch Course,https://www.murrayshall.co.uk
Murrayshall Country Estate,Murrayshall Course,https://www.murrayshall.co.uk
Musselburgh Golf Course,Musselburgh Golf Course,https://www.themusselburghgolfclub.com
"Musselburgh Links, The Old Golf Course","Musselburgh Links, The Old Golf Course",http://www.musselburgholdlinks.co.uk
Myrus Golf Centre and Driving Range,Myrus Golf Centre and Driving Range,http://www.myrusgolf.co.uk
N1GOLF Centre Morpeth,N1GOLF Centre Morpeth,https://morpethgolfcentre.com
Nairn Dunbar Golf Course,Nairn Dunbar Golf Course,https://www.nairndunbar.com
Nairn Golf Club,Nairn Golf Club,https://nairngolfclub.co.uk
New Cumnock Golf Course,New Cumnock Golf Course,https://members.tripod.com/bob_newcumnock/golf/welcomex.html
New Galloway Golf Club,New Galloway Golf Club,https://newgallowaygolfclub.com
Newbattle Golf Club,Newbattle Golf Club,https://newbattlegolfclub.com
Newbiggin by the Sea Golf Club,Newbiggin by the Sea Golf Club,https://www.newbiggingolfclub.co.uk
Newburgh Golf Club,Newburgh Golf Club,https://www.newburghgolfclub.co.uk
Newcastle United Golf Club,Newcastle United Golf Club,https://www.newcastleunitedgolfclub.co.uk
Newcastleton Golf Course,Newcastleton Golf Course,https://www.visitnewcastleton.com/content/newcastleton-golf-club
Newton Stewart Golf Club,Newton Stewart Golf Club,https://www.newtonstewartgolfclub.co.uk
Newtonmore Golf Club,Newtonmore Golf Club,https://www.newtonmoregolf.com
Newtownstewart Golf Club,Newtownstewart Golf Club,https://www.newtownstewartgolfclub.com
Niddry Castle Golf Club,Niddry Castle Golf Course,https://www.niddrycastlegolfclub.co.uk
North Gailes Golf Centre,North Gailes Golf Centre,http://www.northgailes.co.uk/golf.html
North Tyneside Council,Whitley Bay Links Mini Golf 18 Hole Course,https://my.northtyneside.gov.uk/category/217/grass-pitches-and-mini-golf
North Tyneside Council,Whitley Bay Links Mini Golf 9 Hole Course,https://my.northtyneside.gov.uk/category/217/grass-pitches-and-mini-golf
North West Golf Club,North West Golf Club,
Northumberland Golf Club,Northumberland Golf Club,https://www.thengc.co.uk
Norton Golf Course,Norton Golf Course,
Nunfield Golf Course,Nunfield Golf Course,https://www.thecounty.co.uk
Oakleaf Golf Complex,Oakleaf Golf Complex,https://www.great-aycliffe.gov.uk/oakleafgolfcomplex/the-course.html
Oatridge Golf Course,Oatridge Golf Course,
Ochil Developments,gWest golf course,https://www.gwest.co.uk/golf.php
office@lochgolf.demon.co.uk,Lochranza Golf Course,http://www.lochranzagolf.com
Old Course,Old Course,
Oldmeldrum Golf Club,Oldmeldrum Golf Club,https://www.oldmeldrumgolf.co.uk
Omagh Golf Club,Omagh Golf Club,
Orkney Golf Club,Orkney Golf Club,https://orkneygolfclub.co.uk
Ormeau Golf Club,Ormeau Golf Club,
Paisley Golf Club,Paisley Golf Club,https://paisleygolfclub.com
Palacerigg Golf Club,Palacerigg Golf Club,http://www.palacerigggolfclub.co.uk
Panmure Golf Club,Panmure Links,https://www.panmuregolfclub.co.uk
Paul Lawrie Golf Centre,Paul Lawrie Golf Centre,https://www.paullawriegolfcentre.co.uk
Peebles Golf Club,Peebles Golf Club,https://www.peeblesgolfclub.com
Penrith Golf Course,Penrith Golf Course,https://www.penrithgolf.org
Penrith Golf Hub,Penrith Golf Hub,https://www.penrithgolfhub.co.uk
Percy Wood Country Park,Percy Wood Country Park,https://www.percywood.co.uk
Perth & Kinross Council,North Inch Golf Course,https://www.northinchgolf.co.uk
peter.donnelly2@virgin.net,North Ronaldsay Golf Course,https://northronaldsaytrust.com/2017/06/09/18-hole-golf-course-project
Peterculter Golf Club,Peterculter Golf Club,https://www.petercultergolfclub.co.uk
Peterhead Golf Club,Craigewan Course,https://www.peterheadgolfclub.co.uk/course/craigewan-course
Peterhead Golf Club,New Course,https://www.peterheadgolfclub.co.uk/course/new-course
Pettens Links,Pettens Links,
Piperdam Golf & Leisure Resort,Piperdam Golf & Leisure Resort,https://www.landal.co.uk/parks/piperdam?gclsrc=aw.ds&gad_source=1#filter:eyJhttps://www.landal.co.uk/parks/piperdamzIjoiMyJ9
Pitch & Putt,Pitch & Putt,
Pitch and Putt,Pitch and Putt,
Pitch and Putt Course,Pitch and Putt Course,
Pitlochry Golf Course,Pitlochry Golf Course,https://www.pitlochrygolf.co.uk
Pitlochry Putting Green,Pitlochry Putting Green,
Pitreavie Golf Club,Pitreavie Golf Club,https://www.pitreaviegolfclub.co.uk
playsportgolf@googlemail.com,Playsport Golf Test Drive Range,https://www.playsportgolf.co.uk
Polmont Golf Club,Polmont Golf Club,http://www.polmontgolfclub.co.uk
Ponteland Golf Club,Ponteland Golf Club,https://www.thepontelandgolfclub.co.uk
Port Bannatyne Golf Club,Port Bannatyne Golf Club,http://portbannatynegolfclub.co.uk
Port Glasgow Golf Club,Port Glasgow Golf Club,https://www.portglasgowgolfclub.co.uk
Portmahomack Golf Club,Portmahomack Golf Club,https://portmahomackgolfclub.com
Portpatrick Dunskey Golf Club,Portpatrick Dunskey Golf Club,https://www.portpatrickgolfclub.com
Portsalon Golf Club,Portsalon Golf Club,https://www.portsalongolfclub.ie
Portstewart Golf Club,Riverside - Portstewart Golf Club,
Portstewart Golf Club,The Old Course - Portstewart Golf Club,
Portstewart Golf Club,The Strand - Portstewart Golf Club,
Powfoot Golf Club,Powfoot Golf Club,https://www.powfootgolfclub.com
Practise area,Practise area,https://www.stirlinggolfclub.com
Prestonfield Golf Course,Prestonfield Golf Course,https://www.prestonfieldgolf.co.uk
Prestwick Golf Club,Prestwick Golf Club,https://www.prestwickgc.co.uk
proshop@royalmusselburgh.co.uk,Royal Musselburgh Golf Course,https://www.royalmusselburgh.co.uk
Prudhoe Golf Club,Prudhoe Golf Club,https://www.prudhoegolfclub.co.uk
Pumpherston Golf Club,Pumpherston Golf Club,https://www.pumpherstongolfclub.co.uk
Queen's Park Pitch & Putt,Pitch and Putt,https://www.glasgowlife.org.uk/sport/our-facilities/pitchandputt/queens-park
Ralston Golf Course,Ralston Golf Course,https://www.ralstongolfclub.com
Ramside Hall Hotel & Golf Club,Cathedral Course,https://www.ramsidehallhotel.co.uk/golf/cathedral-course
Ramside Hall Hotel & Golf Club,Prince Bishops Course,https://www.ramsidehallhotel.co.uk/golf/prince-bishops-course
Ranfurly Castle Golf Club,Ranfurly Castle Golf Club,https://www.ranfurlycastlegolfclub.co.uk
Raon Goilf Aisgernis,Raon Goilf Aisgernis,https://askernishgolfclub.com
Ratho Park Golf Club,Ratho Park Golf Club,https://www.rathoparkgolfclub.co.uk
Ravelston Golf Course,Ravelston Golf Course,https://www.ravelstongolfclub.co.uk
Ravensworth Golf Club,Ravensworth Golf Club,http://www.ravensworthgolfclub.co.uk
Reay Golf Course,Reay Golf Course,https://reaygolfclub.com
Redcastle Hotel golf course,Redcastle Hotel golf course,https://www.redcastlehoteldonegal.com
Renfrew Golf Course,Renfrew Golf Course,https://www.renfrewgolfclub.net
Ronan Valley Golf Course,Ronan Valley Golf Course,
Roodlea Golf Course,Roodlea Golf Course,http://www.roodleagolf.co.uk
Rosapenna Golf Course,Rosapenna Golf Course,
Roseberry Grange Golf Club,Roseberry Grange Golf Club,https://roseberrygrange.com
Rosehearty Golf Club,Rosehearty Golf Club,https://www.roseheartygolfclub.com
Rosemount Course,Rosemount Course,
Rothbury Golf Club,Rothbury Golf Club,https://www.rothburygolfclub.com
Rothes Golf Course,Rothes Golf Course,https://www.rothesgolfclub.co.uk
Rothesay Golf Club,Rothesay Golf Club,https://www.rothesaygolfclub.co.uk
Routenburn Golf Club,Routenburn Golf Club,https://www.routenburngolfclub.co.uk
Rowallan Castle Golf Course,Rowallan Castle Golf Course,https://rowallancastle.com/rowallan-championship-golf-course-ayrshire
Roxburghe Hotel & Golf Course,Roxburghe Hotel & Golf Course,http://www.roxburghe.net/golf-course
Royal Aberdeen Golf Club,Royal Aberdeen Golf Club,https://www.royalaberdeengolf.com
Royal Belfast Golf Club,Royal Belfast Golf Club,
Royal Dornoch Golf Club,Championship Course,https://www.royaldornoch.com
Royal Dornoch Golf Club,Royal Dornoch Golf Club,
Royal Dornoch Golf Club,Struie Course,https://royaldornoch.com/struie-course
Royal Portrush Golf Club,Dunluce Links,https://www.royalportrushgolfclub.com/courses/the-dunluce
Royal Portrush Golf Club,Royal Portrush Golf Club,
Royal Portrush Golf Club,Valley Links,https://www.royalportrushgolfclub.com/courses/the-valley
Royal Tarlair Golf Club,Royal Tarlair Golf Club,https://royaltarlair.co.uk
Royal Troon Golf Club,Old Course,https://www.royaltroon.co.uk/the-courses/old-course
Royal Troon Golf Club,Portland Course,https://www.royaltroon.co.uk/the-courses/portland-course
Ruchill Park Golf Course,Ruchill Park Golf Course,https://www.glasgowlife.org.uk/sport/our-facilities/golfcourses/ruchill-golf-course
Rutherford Castle Golf Course,Rutherford Castle Golf Course,http://rutherfordcastlegc.org.uk
Ryton Golf Club,Ryton Golf Club,https://www.rytongolfclub.co.uk
Saline Golf Course,Saline Golf Course,https://salinegc.co.uk
Saltburn Golf Club,Saltburn Golf Club,https://www.saltburngolf.co.uk
Sandyhills Golf Club,Sandyhills Golf Club,https://www.sandyhillsgolfclub.co.uk
Sanquhar Golf Course,Sanquhar Golf Course,
Scotscraig Golf Club,Scotscraig Golf Club,https://www.scotscraiggolfclub.com
Scrabo Golf Club,Scrabo Golf Club,
Seaham Golf Club,Seaham Golf Club,https://www.seahamgolfclub.co.uk
Seahouses Golf Club,Seahouses Golf Club,https://seahousesgolf.co.uk
Seaton Carew Golf Club,Seaton Carew Golf Club,https://www.seatoncarewgolfclub.co.uk
secretary@fortrosegolfclub.co.uk,Fortrose & Rosemarkie Golf Club,https://www.fortrosegolfclub.co.uk
secretary@oldranfurly.com,Old Course Ranfurly Golf Club,http://www.oldranfurly.com
Selkirk Golf Club,Selkirk Golf Club,https://www.selkirkgolfclub.co.uk
Seton Sands 9 Hole Golf Course,Seton Sands 9 Hole Golf Course,https://www.haven.com/parks/scotland/seton-sands
Shandon Park Golf Course,Shandon Park Golf Course,
Sharpley Golf Course,Sharpley Golf Course,http://sharpleygolf.blogspot.co.at
Shetland Golf Club,Shetland Golf Club,https://www.shetlandgolfclub.co.uk
Shiskine Golf Club,Shiskine Golf Club,https://www.shiskinegolf.com
Silloth on Solway Golf Club,Silloth on Solway Golf Club,https://www.sillothgolfclub.co.uk
Silverknowes Golf Course,Silverknowes Golf Course,https://www.edinburghleisure.co.uk/venues/silverknowes-golf-course
Skeabost House Hotel,Skeabost Golf Club,
Skelmorlie Golf Club,Skelmorlie Golf Club,https://www.skelmorliegolf.co.uk
Slaley Hall Golf Club,Slaley Hall Golf Club,https://www.slaleyhallhotel.com/golf
South Ayrshire Council,Belleisle & Seafield Golf Courses,https://www.golfsouthayrshire.com/play/the-courses/belleisle-park
South Lanarkshire Leisure and Culture Limited,Larkhall Golf Course,https://www.slleisureandculture.co.uk/info/243/larkhall_golf_course
South Moor Golf Club,South Moor Golf Club,https://www.southmoorgc.co.uk
South Ronaldsay Golf Course,South Ronaldsay Golf Course,https://southronaldsaygolf.com
South Shields Golf Club,South Shields Golf Club,https://www.ssgc.co.uk
Southerness Golf Course,Southerness Golf Course,https://southernessgolfclub.com
Spean Bridge Golf Club,Spean Bridge Golf Club,https://speangolf.co.uk
Spey Bay Golf Course,Spey Bay Golf Course,https://www.linksdao.io/spey-bay
Spey Valley 9-hole Academy Golf Course,Spey Valley 9-hole Academy Golf Course,
sports.development@stir.ac.uk,University of Stirling - Airthrey Golf Club,https://www.stir.ac.uk/sports-centre/facilities/golf
St Andrews Links Trust,Balgove Course,http://www.standrews.org.uk/Play/Courses/Balgove-Course
St Andrews Links Trust,Craigtoun Course,https://www.standrews.com/golf/courses/the-craigtoun-course
St Andrews Links Trust,Eden Course,http://www.standrews.org.uk/Play/Courses/Eden-Course
St Andrews Links Trust,Jubilee Course,http://www.standrews.org.uk/Play/Courses/Jubilee-Course
St Andrews Links Trust,New Course,http://www.standrews.org.uk/Play/Courses/New-Course
St Andrews Links Trust,Old Course,http://www.standrews.org.uk/Play/Courses/Old-Course
St Andrews Links Trust,Strathtyrum Course,http://www.standrews.org.uk/Play/Courses/Strathtyrum-Course
St Andrews Links Trust,The Castle Course,http://www.standrews.org.uk/Play/Courses/The-Castle-Course
St Boswells Golf Course,St Boswells Golf Course,https://www.stboswellsgolfclub.co.uk
St Fillans Golf Club,St Fillans Golf Club,https://www.st-fillans-golf.com
St Medan Golf Club,St Medan Golf Club,https://www.stmedangolfclub.com
St Michaels Golf Club,St Michaels Golf Club,https://stmichaelsgolfclub.com
St. Cuthbert Golf Club,St. Cuthbert Golf Club,https://www.stcuthbert.co.uk
St. Nicholas Golf Club,St. Nicholas Golf Club,https://www.prestwickstnicholas.com
St. Stephen’s Primary School golf course,St. Stephen’s Primary School golf course,https://blogs.glowscotland.org.uk/nl/ststephensprimary
Stirling Golf Club,Stirling Golf Club,https://www.stirlinggolfclub.com
Stocksfield Golf Club,Stocksfield Golf Club,https://www.stocksfieldgolfclub.co.uk
Stonehaven Golf Club,Stonehaven Golf Club,https://www.stonehavengolfclub.com
Stony Holme Golf Club,Stony Holme Golf Club,http://www.stonyholmegolfclub.co.uk
Strabane Golf Club,Strabane Golf Club,
Stranraer Golf Club,Stranraer Golf Club,https://www.stranraergolfclub.net
Strathaven Golf Club,Strathaven Golf Club,https://www.strathavengc.com
Strathclyde Park Golf Course,Strathclyde Park Golf Course,https://www.slleisureandculture.co.uk/info/244/strathclyde_park_golf_course
Strathendrick Golf Club,Strathendrick Golf Club,https://www.strathendrickgolfclub.co.uk
Strathlene Golf Club,Strathlene Golf Club,https://www.strathlenegolfclub.co.uk
Strathmore Golf Centre,Strathmore Golf Centre,https://www.strathmoregolf.com
Strathpeffer Spa Golf Club,Strathpeffer Spa Golf Club,https://www.strathpeffergolf.co.uk
Stromness Golf Club,Stromness Golf Club,https://www.stromnessgc.co.uk
Swanston Golf Course,Swanston Golf Course,https://www.swanstongolf.co.uk
Tain Golf Club,Tain Golf Club,https://tain-golfclub.co.uk
Tarbert Golf Club,Tarbert Golf Club,https://tarbertgolfclub.com
Tarland Golf Club,Tarland Golf Club,https://www.tarlandgolfclub.co.uk
Taymouth Castle Golf Course,Taymouth Castle Golf Course,https://welcometotaymouth.com
Taynuilt Golf Club,Taynuilt Golf Club,https://www.taynuiltgolfclub.co.uk
Teesside Golf Club,Teesside Golf Club,https://www.teessidegolfclub.com
"The Carnegie Club, Skibo Castle",Carnegie Links,https://www.carnegieclub.co.uk/golf-championship-links.html
The Carrick Golf Course,The Carrick Golf Course,https://www.thecarrick.com
The Dornock Course,The Dornock Course,
The Ferntower Coure,The Ferntower Coure,
The Golf House Club,Elie Golf Course,https://www.golfhouseclub.co.uk
The Hobson Golf Club,The Hobson Golf Club,https://www.thehobsongolfclub.co.uk
The Machrie,The Machrie,https://islaygolfclub.co.uk
The Manor House & Golf Course,The Manor House & Golf Course,
The National Trust for Scotland,Kingarrock Hickory Golf Course,https://www.nts.org.uk/visit/places/hill-of-tarvit-mansion/highlights/kingarrock-hickory-golf
The North Berwick Golf Club,The North Berwick Golf Club,https://www.northberwickgolfclub.com
The Pine Lodge Golf Centre,The Pine Lodge Golf Centre,
The R&A,Golf It!,https://www.golf-it.com
The Renaissance Club,The Renaissance Club,https://trcaa.com
The Royal Burgess Golfing Society of Edinburgh,The Royal Burgess Golfing Society of Edinburgh,https://www.royalburgess.co.uk
The Wee course,The Wee course,https://another.place/the-machrie/golf/the-wee-course
The Wee Course,The Wee Course,
The West Kilbride Golf Club,The West Kilbride Golf Club,https://www.westkilbridegolfclub.com
The Westerwood Hotel & Golf Resort,The Westerwood Hotel & Golf Resort,https://www.qhotels.co.uk/our-locations/the-westerwood-hotel-golf-resort/golf
thesecretary@helensburghgolfclub.co.uk,Helensburgh Golf Club,https://www.helensburghgolfclub.co.uk
Thornhill Golf Course,Thornhill Golf Course,https://www.thornhillgolfclub.co.uk
Thornton Golf Club,Thornton Golf Club,https://www.thorntongolfclub.co.uk
Thurso Golf Club,Thurso Golf Club,https://thursogolfclub.co.uk
Tillicoultry Golf Club,Tillicoultry Golf Club,https://www.tillicoultrygolfclub.com
Tobermore Golf Centre,Tobermore Golf Centre,https://www.midulstercouncil.org/tobermoregolf
Tobermory Golf Club,Tobermory Golf Club,https://www.tobermorygolfclub.com
Torphins Golf Club,Torphins Golf Club,https://www.torphinsgolfclub.co.uk
Torrance House Golf Club,Torrance House Golf Club,https://torrancehousegc.co.uk
Torrance Park Golf Course (closed),Torrance Park Golf Course (closed),https://www.torranceparkgolf.co.uk
Torwoodlee Golf Course,Torwoodlee Golf Course,https://www.torwoodleegolfclub.co.uk
Traigh Golf Course,Traigh Golf Course,https://www.traighgolf.co.uk
Troon Darley,Troon Darley,https://www.golfsouthayrshire.com/courses/7/troon-darley
Troon Fullarton,Troon Fullarton,https://www.golfsouthayrshire.com/courses/8/troon-fullarton
Troon Lochgreen,Troon Lochgreen,https://www.golfsouthayrshire.com/courses/6/troon-lochgreen
Tulliallan Golf Club,Tulliallan Golf Club,https://www.tulliallangolf.co.uk
Turnberry,Turnberry,https://www.turnberry.co.uk
Turnhouse Golf Club,Turnhouse Golf Club,https://www.turnhousegolfclub.com
Turriff Golf Club,Turriff Golf Club,https://www.turriffgolfclub.com
Tynedale Golf Cub,Tynedale Golf Cub,https://www.tynedalegolfclub.co.uk
Tynemouth Golf Club,Tynemouth Golf Club,http://www.tynemouthgolfclub.co.uk
Tyneside Golf Club,Tyneside Golf Club,https://www.tynesidegolfclub.co.uk
Uig Lodge golf course,Uig Lodge golf course,https://www.uiglodge.co.uk
Ullapool Golf Club,Ullapool Golf Club,https://www.ullapoolgolfclub.co.uk
University of Strathclyde,Ross Priory Club,https://www.strath.ac.uk/rosspriory
Uphall Golf Course,Uphall Golf Course,https://www.uphallgolfclub.com
Vale of Leven Golf Club,Vale of Leven Golf Club,https://www.volgc.org
Vaul Golf Club,Vaul Golf Club,https://vaulgolfclub.co.uk
Wallsend Golf Course Centurion Park,Wallsend Golf Course Centurion Park,http://centurionpark.com
Warkworth Golf Club,Warkworth Golf Club,https://www.warkworthgolfclub.co.uk
Wearside Golf Club,Wearside Golf Club,http://www.wearsidegolfclub.co.uk
Wee Braids Golf Course,Wee Braids Golf Course,https://www.edinburghleisure.co.uk/venues/wee-braids-golf-course
Wee Demon golf course,Wee Demon golf course,https://www.cameronhouse.co.uk/club/golf/the-wee-demon
Wellsgreen,Wee Course,https://www.wellsgreen.co.uk/golf/wee-course
West Linton Golf Course,West Linton Golf Course,https://www.wlgc.co.uk
West Lothian Golf Course,West Lothian Golf Course,https://www.westlothiangc.com
West Lothian Leisure,Polkemmet Golf and Driving Range,https://www.westlothianleisure.com/activities/sports/golf
Westerhope Golf Club,Westerhope Golf Club,https://www.westerhopegolfclub.com
Western Gailes Golf Club,Western Gailes Golf Club,https://www.westerngailes.com
Westhill Golf Club,Westhill Golf Club,https://westhillgolf.co.uk
Westray Golf Club,Westray Golf Club,https://westraygolf.org
Whalsay Golf Club,Whalsay Golf Club,https://www.whalsaygolfclub.co.uk
Whickham Golf Club,Whickham Golf Club,https://www.whickhamgolfclub.co.uk/Intro.aspx
Whitburn Golf Club,Whitburn Golf Club,https://whitburngolfclub.co.uk
Whitecraigs Golf Club,Whitecraigs Golf Club,https://www.whitecraigsgolfclub.net
Whitehaven Golf Club,Whitehaven Golf Club,https://www.whitehavengolfclub.com
Whitehead Golf Club,Whitehead Golf Club,
Whitehill House Golf Course,Whitehill House Golf Course,https://www.whitehillhousegolf.co.uk
Whitemoss Golf Club,Whitemoss Golf Club,
Whiting Bay Golf Club,Whiting Bay Golf Club,https://www.whitingbaygolf.com
Whitley Bay Golf Club,Whitley Bay Golf Club,https://www.whitleybaygolfclub.co.uk
Wick Golf Club,Wick Golf Club,https://www.wickgolfclub.org.uk
Wigtown and Bladnoch Golf Club,Wigtown and Bladnoch Golf Club,https://wigtownbladnoch.cw.sct.dotgolf.co.uk/home
Wigtownshire County Golf Course,Wigtownshire County Golf Course,https://wigtownshirecountygolfclub.com
Williamwood Golf Club,Williamwood Golf Club,https://www.williamwoodgc.co.uk
Wilton Golf Course,Wilton Golf Course,https://www.wiltongolfclub.co.uk
Windyhill Golf Club,Windyhill Golf Club,https://windyhillgolfclub.co.uk
Winterfield Golf Course,Winterfield Golf Course,https://www.enjoyleisure.com/Centre.aspx?comp_id=10
Wishaw Golf Club,Wishaw Golf Club,https://www.wishawgolfclub.com
Woll Golf Course,Woll Golf Course,https://www.wollgolf.co.uk
Woodham Golf & Country Club,Woodham Golf & Country Club,https://woodhamgolfandcountryclub.co.uk
Wooler Golf Club,Wooler Golf Club,http://woolergolfclub.co.uk
Workington Golf Club,Workington Golf Club,https://www.workingtongolfclub.com
Wynyard Golf Club,Wynyard Golf Club,https://www.wynyardgolfclub.co.uk
